:START_ID,:END_ID
'G #,'G !
'G $,'G !
'G %,'G !
'G &,'G !
'G ','G !
'G (,'G !
'G ),'G !
'G *,'G !
'G +,'G !
'G -,'G !
'G .,'G !
'G /,'G !
'G 0,'G !
'G 1,'G !
'G 2,'G !
'G 3,'G !
'G 4,'G !
'G 5,'G !
'G 6,'G !
'G 7,'G !
'G 8,'G !
'G 9,'G !
'G :,'G !
'G ;,'G !
'G <,'G !
'G =,'G !
'G >,'G !
'G ?,'G !
'G @,'G !
'G A,'G !
'G B,'G !
'G C,'G !
'G D,'G !
'G E,'G !
'G F,'G !
'G G,'G !
'G H,'G !
'G I,'G !
'G J,'G !
'G K,'G !
'G L,'G !
'G M,'G !
'G N,'G !
'G O,'G !
'G P,'G !
'G Q,'G !
'G R,'G !
'G S,'G !
'G T,'G !
'G U,'G !
'G V,'G !
'G W,'G !
'G X,'G !
'G Y,'G !
'G Z,'G !
'G [,'G !
'G ],'G !
'G ^,'G !
'G _,'G !
'G `,'G !
'G a,'G !
'G b,'G !
'G c,'G !
'G d,'G !
'G e,'G !
'G f,'G !
'G g,'G !
'G h,'G !
'G i,'G !
'G j,'G !
'G k,'G !
'G l,'G !
'G m,'G !
'G n,'G !
'G o,'G !
'G p,'G !
'G q,'G !
'G r,'G !
'G s,'G !
'G t,'G !
'G u,'G !
'G v,'G !
'G w,'G !
'G x,'G !
'G y,'G !
'G z,'G !
'G {,'G !
'G |,'G !
'G },'G !
'G ~,'G !
'G !!,'G !
'G !#,'G !
'G !$,'G !
'G !%,'G !
'G !&,'G !
'G !','G !
'G !(,'G !
'G !),'G !
'G !*,'G !
'G !+,'G !
'G !-,'G !
'G !.,'G !
'G !/,'G !
'G !0,'G !
'G !1,'G !
'G !2,'G !
'G !3,'G !
'G !4,'G !
'G !5,'G !
'G !6,'G !
'G !7,'G !
'G !8,'G !
'G !9,'G !
'G !:,'G !
'G !;,'G !
'G !<,'G !
'G !>,'G !=
'G !?,'G !=
'G !@,'G !=
'G !A,'G !=
'G !B,'G !=
'G !C,'G !=
'G !D,'G !=
'G !E,'G !=
'G !F,'G !=
'G !G,'G !=
'G !H,'G !=
'G !I,'G !=
'G !J,'G !=
'G !K,'G !=
'G !L,'G !=
'G !M,'G !=
'G !N,'G !=
'G !O,'G !=
'G !P,'G !=
'G !Q,'G !=
'G !R,'G !=
'G !S,'G !=
'G !T,'G !=
'G !U,'G !=
'G !V,'G !=
'G !W,'G !=
'G !X,'G !=
'G !Y,'G !=
'G !Z,'G !=
'G ![,'G !=
'G !],'G !=
'G !^,'G !=
'G !_,'G !=
'G !`,'G !=
'G !a,'G !=
'G !b,'G !=
'G !c,'G !=
'G !d,'G !=
'G !e,'G !=
'G !f,'G !=
'G !g,'G !=
'G !h,'G !=
'G !i,'G !=
'G !j,'G !=
'G !k,'G !=
'G !l,'G !=
'G !m,'G !=
'G !n,'G !=
'G !o,'G !=
'G !p,'G !=
'G !q,'G !=
'G !r,'G !=
'G !s,'G !=
'G !t,'G !=
'G !u,'G !=
'G !v,'G !=
'G !w,'G !=
'G !x,'G !=
'G !y,'G !=
'G !z,'G !=
'G !{,'G !=
'G !|,'G !=
'G !},'G !=
'G !~,'G !=
'G #!,'G !=
'G ##,'G !=
'G #$,'G !=
'G #%,'G !=
'G #&,'G !=
'G #','G !=
'G #(,'G !=
'G #),'G !=
'G #*,'G !=
'G #+,'G !=
'G #-,'G !=
'G #.,'G !=
'G #/,'G !=
'G #0,'G !=
'G #1,'G !=
'G #2,'G !=
'G #3,'G !=
'G #4,'G !=
'G #5,'G !=
'G #6,'G !=
'G #7,'G !=
'G #8,'G !=
'G #9,'G !=
'G #:,'G !=
'G #;,'G !=
'G #<,'G !=
'G #=,'G !=
'G #>,'G !=
'G #?,'G !=
'G #@,'G !=
'G #A,'G !=
'G #B,'G !=
'G #C,'G !=
'G #D,'G !=
'G #E,'G !=
'G #F,'G !=
'G #G,'G !=
'G #H,'G !=
'G #I,'G !=
'G #J,'G !=
'G #K,'G !=
'G #L,'G !=
'G #M,'G !=
'G #N,'G !=
'G #O,'G !=
'G #P,'G !=
'G #Q,'G !=
'G #R,'G !=
'G #S,'G !=
'G #T,'G !=
'G #U,'G !=
'G #V,'G !=
'G #W,'G !=
'G #X,'G !=
'G #Y,'G !=
'G #Z,'G !=
'G #[,'G !=
'G #],'G !=
'G #^,'G !=
'G #_,'G !=
'G #`,'G !=
'G #a,'G !=
'G #b,'G !=
'G #c,'G !=
'G #d,'G !=
'G #e,'G !=
'G #f,'G !=
'G #g,'G !=
'G #h,'G !=
'G #i,'G !=
'G #j,'G !=
'G #k,'G !=
'G #l,'G !=
'G #m,'G !=
'G #n,'G !=
'G #o,'G !=
'G #p,'G !=
'G #q,'G !=
'G #r,'G !=
'G #s,'G !=
'G #t,'G !=
'G #u,'G !=
'G #v,'G !=
'G #w,'G !=
'G #x,'G !=
'G #y,'G !=
'G #z,'G !=
'G #{,'G !=
'G #|,'G !=
'G #},'G !=
'G #~,'G !=
'G $!,'G !=
'G $#,'G !=
'G $$,'G !=
'G $%,'G !=
'G $&,'G !=
'G $','G !=
'G $(,'G !=
'G $),'G !=
'G $*,'G !=
'G $+,'G !=
'G $-,'G !=
'G $.,'G !=
'G $/,'G !=
'G $0,'G !=
'G $1,'G !=
'G $2,'G !=
'G $3,'G !=
'G $4,'G !=
'G $5,'G !=
'G $6,'G !=
'G $7,'G !=
'G $8,'G !=
'G $9,'G !=
'G $:,'G !=
'G $;,'G !=
'G $<,'G !=
'G $=,'G !=
'G $>,'G !=
'G $?,'G !=
'G $@,'G !=
'G $A,'G !=
'G $B,'G !=
'G $C,'G !=
'G $D,'G !=
'G $E,'G !=
'G $F,'G !=
'G $G,'G !=
'G $H,'G !=
'G $I,'G !=
'G $J,'G !=
'G $K,'G !=
'G $L,'G !=
'G $M,'G !=
'G $N,'G !=
'G $O,'G !=
'G $P,'G !=
'G $Q,'G !=
'G $R,'G !=
'G $S,'G !=
'G $T,'G !=
'G $U,'G !=
'G $V,'G !=
'G $W,'G !=
'G $X,'G !=
'G $Y,'G !=
'G $Z,'G !=
'G $[,'G !=
'G $],'G !=
'G $^,'G !=
'G $_,'G !=
'G $`,'G !=
'G $a,'G !=
'G $b,'G !=
'G $c,'G !=
'G $d,'G !=
'G $e,'G !=
'G $f,'G !=
'G $g,'G !=
'G $h,'G !=
'G $i,'G !=
'G $j,'G !=
'G $k,'G !=
'G $l,'G !=
'G $m,'G !=
'G $n,'G !=
'G $o,'G !=
'G $p,'G !=
'G $q,'G !=
'G $r,'G !=
'G $s,'G !=
'G $t,'G !=
'G $u,'G !=
'G $v,'G !=
'G $w,'G !=
'G $x,'G !=
'G $y,'G !=
'G $z,'G !=
'G $|,'G ${
'G $},'G ${
'G $~,'G ${
'G %!,'G ${
'G %#,'G ${
'G %$,'G ${
'G %%,'G ${
'G %&,'G ${
'G %','G ${
'G %(,'G ${
'G %),'G ${
'G %*,'G ${
'G %+,'G ${
'G %-,'G ${
'G %.,'G ${
'G %/,'G ${
'G %0,'G ${
'G %1,'G ${
'G %2,'G ${
'G %3,'G ${
'G %4,'G ${
'G %5,'G ${
'G %6,'G ${
'G %7,'G ${
'G %8,'G ${
'G %9,'G ${
'G %:,'G ${
'G %;,'G ${
'G %<,'G ${
'G %=,'G ${
'G %>,'G ${
'G %?,'G ${
'G %@,'G ${
'G %A,'G ${
'G %B,'G ${
'G %C,'G ${
'G %D,'G ${
'G %E,'G ${
'G %F,'G ${
'G %G,'G ${
'G %H,'G ${
'G %I,'G ${
'G %J,'G ${
'G %K,'G ${
'G %L,'G ${
'G %M,'G ${
'G %O,'G %N
'G %P,'G %N
'G %Q,'G %N
'G %R,'G %N
'G %S,'G %N
'G %T,'G %N
'G %U,'G %N
'G %V,'G %N
'G %W,'G %N
'G %X,'G %N
'G %Y,'G %N
'G %Z,'G %N
'G %[,'G %N
'G %],'G %N
'G %^,'G %N
'G %_,'G %N
'G %`,'G %N
'G %a,'G %N
'G %b,'G %N
'G %c,'G %N
'G %d,'G %N
'G %e,'G %N
'G %f,'G %N
'G %g,'G %N
'G %h,'G %N
'G %i,'G %N
'G %j,'G %N
'G %k,'G %N
'G %l,'G %N
'G %m,'G %N
'G %n,'G %N
'G %o,'G %N
'G %p,'G %N
'G %q,'G %N
'G %r,'G %N
'G %s,'G %N
'G %t,'G %N
'G %u,'G %N
'G %v,'G %N
'G %w,'G %N
'G %x,'G %N
'G %y,'G %N
'G %z,'G %N
'G %{,'G %N
'G %|,'G %N
'G %~,'G %}
'G &!,'G %}
'G &#,'G %}
'G &$,'G %}
'G &%,'G %}
'G &&,'G %}
'G &','G %}
'G &(,'G %}
'G &),'G %}
'G &*,'G %}
'G &+,'G %}
'G &-,'G %}
'G &.,'G %}
'G &/,'G %}
'G &0,'G %}
'G &1,'G %}
'G &2,'G %}
'G &3,'G %}
'G &4,'G %}
'G &5,'G %}
'G &6,'G %}
'G &7,'G %}
'G &8,'G %}
'G &9,'G %}
'G &:,'G %}
'G &;,'G %}
'G &<,'G %}
'G &=,'G %}
'G &>,'G %}
'G &?,'G %}
'G &@,'G %}
'G &B,'G &A
'G &C,'G &A
'G &D,'G &A
'G &E,'G &A
'G &F,'G &A
'G &G,'G &A
'G &H,'G &A
'G &I,'G &A
'G &J,'G &A
'G &K,'G &A
'G &L,'G &A
'G &M,'G &A
'G &N,'G &A
'G &O,'G &A
'G &P,'G &A
'G &Q,'G &A
'G &R,'G &A
'G &S,'G &A
'G &T,'G &A
'G &U,'G &A
'G &V,'G &A
'G &W,'G &A
'G &X,'G &A
'G &Y,'G &A
'G &Z,'G &A
'G &[,'G &A
'G &],'G &A
'G &^,'G &A
'G &_,'G &A
'G &`,'G &A
'G &a,'G &A
'G &b,'G &A
'G &c,'G &A
'G &d,'G &A
'G &e,'G &A
'G &f,'G &A
'G &g,'G &A
'G &h,'G &A
'G &i,'G &A
'G &j,'G &A
'G &k,'G &A
'G &l,'G &A
'G &m,'G &A
'G &n,'G &A
'G &o,'G &A
'G &p,'G &A
'G &q,'G &A
'G &r,'G &A
'G &s,'G &A
'G &t,'G &A
'G &u,'G &A
'G &v,'G &A
'G &w,'G &A
'G &x,'G &A
'G &y,'G &A
'G &z,'G &A
'G &{,'G &A
'G &|,'G &A
'G &},'G &A
'G &~,'G &A
'G '!,'G &A
'G '#,'G &A
'G '$,'G &A
'G '%,'G &A
'G '&,'G &A
'G '','G &A
'G '(,'G &A
'G '),'G &A
'G '*,'G &A
'G '+,'G &A
'G '-,'G &A
'G '.,'G &A
'G '/,'G &A
'G '0,'G &A
'G '1,'G &A
'G '2,'G &A
'G '3,'G &A
'G '4,'G &A
'G '5,'G &A
'G '6,'G &A
'G '7,'G &A
'G '8,'G &A
'G '9,'G &A
'G ':,'G &A
'G ';,'G &A
'G '<,'G &A
'G '=,'G &A
'G '>,'G &A
'G '?,'G &A
'G '@,'G &A
'G 'A,'G &A
'G 'B,'G &A
'G 'C,'G &A
'G 'D,'G &A
'G 'E,'G &A
'G 'F,'G &A
'G 'G,'G &A
'G 'H,'G &A
'G 'I,'G &A
'G 'J,'G &A
'G 'K,'G &A
'G 'L,'G &A
'G 'M,'G &A
'G 'N,'G &A
'G 'O,'G &A
'G 'P,'G &A
'G 'Q,'G &A
'G 'R,'G &A
'G 'S,'G &A
'G 'T,'G &A
'G 'U,'G &A
'G 'V,'G &A
'G 'W,'G &A
'G 'X,'G &A
'G 'Y,'G &A
'G 'Z,'G &A
'G '[,'G &A
'G '],'G &A
'G '^,'G &A
'G '_,'G &A
'G '`,'G &A
'G 'a,'G &A
'G 'b,'G &A
'G 'c,'G &A
'G 'd,'G &A
'G 'e,'G &A
'G 'f,'G &A
'G 'g,'G &A
'G 'h,'G &A
'G 'i,'G &A
'G 'j,'G &A
'G 'k,'G &A
'G 'l,'G &A
'G 'm,'G &A
'G 'n,'G &A
'G 'o,'G &A
'G 'p,'G &A
'G 'q,'G &A
'G 'r,'G &A
'G 's,'G &A
'G 't,'G &A
'G 'u,'G &A
'G 'v,'G &A
'G 'w,'G &A
'G 'x,'G &A
'G 'y,'G &A
'G 'z,'G &A
'G '{,'G &A
'G '|,'G &A
'G '},'G &A
'G '~,'G &A
'G (!,'G &A
'G (#,'G &A
'G ($,'G &A
'G (%,'G &A
'G (&,'G &A
'G (','G &A
'G ((,'G &A
'G (),'G &A
'G (*,'G &A
'G (+,'G &A
'G (-,'G &A
'G (.,'G &A
'G (/,'G &A
'G (0,'G &A
'G (1,'G &A
'G (2,'G &A
'G (3,'G &A
'G (4,'G &A
'G (5,'G &A
'G (7,'G (6
'G (8,'G (6
'G (9,'G (6
'G (:,'G (6
'G (;,'G (6
'G (<,'G (6
'G (=,'G (6
'G (>,'G (6
'G (?,'G (6
'G (@,'G (6
'G (A,'G (6
'G (B,'G (6
'G (C,'G (6
'G (D,'G (6
'G (E,'G (6
'G (F,'G (6
'G (G,'G (6
'G (I,'G (H
'G (J,'G (H
'G (K,'G (H
'G (L,'G (H
'G (M,'G (H
'G (N,'G (H
'G (O,'G (H
'G (P,'G (H
'G (Q,'G (H
'G (R,'G (H
'G (S,'G (H
'G (T,'G (H
'G (U,'G (H
'G (V,'G (H
'G (W,'G (H
'G (X,'G (H
'G (Y,'G (H
'G (Z,'G (H
'G ([,'G (H
'G (],'G (H
'G (^,'G (H
'G (_,'G (H
'G (`,'G (H
'G (a,'G (H
'G (b,'G (H
'G (c,'G (H
'G (d,'G (H
'G (e,'G (H
'G (f,'G (H
'G (g,'G (H
'G (h,'G (H
'G (i,'G (H
'G (j,'G (H
'G (k,'G (H
'G (l,'G (H
'G (m,'G (H
'G (n,'G (H
'G (o,'G (H
'G (p,'G (H
'G (q,'G (H
'G (r,'G (H
'G (s,'G (H
'G (t,'G (H
'G (u,'G (H
'G (v,'G (H
'G (w,'G (H
'G (x,'G (H
'G (y,'G (H
'G (z,'G (H
'G ({,'G (H
'G (|,'G (H
'G (},'G (H
'G (~,'G (H
'G )!,'G (H
'G )#,'G (H
'G )$,'G (H
'G )%,'G (H
'G )&,'G (H
'G )','G (H
'G )(,'G (H
'G )),'G (H
'G )*,'G (H
'G )+,'G (H
'G )-,'G (H
'G ).,'G (H
'G )/,'G (H
'G )0,'G (H
'G )1,'G (H
'G )2,'G (H
'G )3,'G (H
'G )4,'G (H
'G )5,'G (H
'G )6,'G (H
'G )7,'G (H
'G )9,'G )8
'G ):,'G )8
'G );,'G )8
'G )<,'G )8
'G )=,'G )8
'G )>,'G )8
'G )?,'G )8
'G )@,'G )8
'G )A,'G )8
'G )B,'G )8
'G )C,'G )8
'G )D,'G )8
'G )E,'G )8
'G )F,'G )8
'G )G,'G )8
'G )H,'G )8
'G )I,'G )8
'G )J,'G )8
'G )K,'G )8
'G )L,'G )8
'G )M,'G )8
'G )N,'G )8
'G )O,'G )8
'G )P,'G )8
'G )Q,'G )8
'G )R,'G )8
'G )S,'G )8
'G )T,'G )8
'G )U,'G )8
'G )V,'G )8
'G )W,'G )8
'G )X,'G )8
'G )Y,'G )8
'G )Z,'G )8
'G )[,'G )8
'G )],'G )8
'G )^,'G )8
'G )_,'G )8
'G )`,'G )8
'G )a,'G )8
'G )b,'G )8
'G )c,'G )8
'G )d,'G )8
'G )e,'G )8
'G )f,'G )8
'G )g,'G )8
'G )h,'G )8
'G )i,'G )8
'G )j,'G )8
'G )k,'G )8
'G )l,'G )8
'G )m,'G )8
'G )n,'G )8
'G )o,'G )8
'G )q,'G )p
'G )r,'G )p
'G )s,'G )p
'G )t,'G )p
'G )u,'G )p
'G )v,'G )p
'G )w,'G )p
'G )x,'G )p
'G )y,'G )p
'G )z,'G )p
'G ){,'G )p
'G )|,'G )p
'G )},'G )p
'G )~,'G )p
'G *!,'G )p
'G *#,'G )p
'G *$,'G )p
'G *%,'G )p
'G *&,'G )p
'G *','G )p
'G *(,'G )p
'G *),'G )p
'G **,'G )p
'G *+,'G )p
'G *-,'G )p
'G *.,'G )p
'G */,'G )p
'G *0,'G )p
'G *1,'G )p
'G *2,'G )p
'G *3,'G )p
'G *4,'G )p
'G *5,'G )p
'G *6,'G )p
'G *7,'G )p
'G *8,'G )p
'G *9,'G )p
'G *:,'G )p
'G *;,'G )p
'G *<,'G )p
'G *=,'G )p
'G *>,'G )p
'G *?,'G )p
'G *@,'G )p
'G *A,'G )p
'G *B,'G )p
'G *C,'G )p
'G *D,'G )p
'G *E,'G )p
'G *F,'G )p
'G *G,'G )p
'G *H,'G )p
'G *I,'G )p
'G *K,'G *J
'G *L,'G *J
'G *M,'G *J
'G *N,'G *J
'G *O,'G *J
'G *P,'G *J
'G *Q,'G *J
'G *R,'G *J
'G *S,'G *J
'G *T,'G *J
'G *U,'G *J
'G *V,'G *J
'G *W,'G *J
'G *X,'G *J
'G *Y,'G *J
'G *Z,'G *J
'G *[,'G *J
'G *],'G *J
'G *^,'G *J
'G *_,'G *J
'G *`,'G *J
'G *a,'G *J
'G *b,'G *J
'G *c,'G *J
'G *d,'G *J
'G *e,'G *J
'G *f,'G *J
'G *g,'G *J
'G *h,'G *J
'G *i,'G *J
'G *j,'G *J
'G *k,'G *J
'G *l,'G *J
'G *m,'G *J
'G *n,'G *J
'G *o,'G *J
'G *p,'G *J
'G *q,'G *J
'G *r,'G *J
'G *s,'G *J
'G *t,'G *J
'G *u,'G *J
'G *v,'G *J
'G *w,'G *J
'G *x,'G *J
'G *y,'G *J
'G *z,'G *J
'G *{,'G *J
'G *|,'G *J
'G *},'G *J
'G *~,'G *J
'G +!,'G *J
'G +#,'G *J
'G +$,'G *J
'G +%,'G *J
'G +&,'G *J
'G +','G *J
'G +(,'G *J
'G +),'G *J
'G +*,'G *J
'G ++,'G *J
'G +-,'G *J
'G +.,'G *J
'G +/,'G *J
'G +0,'G *J
'G +1,'G *J
'G +2,'G *J
'G +3,'G *J
'G +4,'G *J
'G +5,'G *J
'G +6,'G *J
'G +7,'G *J
'G +8,'G *J
'G +9,'G *J
'G +:,'G *J
'G +;,'G *J
'G +<,'G *J
'G +=,'G *J
'G +>,'G *J
'G +?,'G *J
'G +@,'G *J
'G +A,'G *J
'G +B,'G *J
'G +C,'G *J
'G +D,'G *J
'G +E,'G *J
'G +F,'G *J
'G +G,'G *J
'G +H,'G *J
'G +I,'G *J
'G +J,'G *J
'G +K,'G *J
'G +L,'G *J
'G +M,'G *J
'G +N,'G *J
'G +O,'G *J
'G +P,'G *J
'G +Q,'G *J
'G +R,'G *J
'G +S,'G *J
'G +T,'G *J
'G +U,'G *J
'G +V,'G *J
'G +W,'G *J
'G +X,'G *J
'G +Y,'G *J
'G +Z,'G *J
'G +[,'G *J
'G +],'G *J
'G +^,'G *J
'G +_,'G *J
'G +`,'G *J
'G +a,'G *J
'G +b,'G *J
'G +c,'G *J
'G +d,'G *J
'G +e,'G *J
'G +f,'G *J
'G +g,'G *J
'G +h,'G *J
'G +i,'G *J
'G +j,'G *J
'G +k,'G *J
'G +l,'G *J
'G +m,'G *J
'G +n,'G *J
'G +o,'G *J
'G +p,'G *J
'G +q,'G *J
'G +r,'G *J
'G +s,'G *J
'G +t,'G *J
'G +u,'G *J
'G +v,'G *J
'G +w,'G *J
'G +x,'G *J
'G +y,'G *J
'G +z,'G *J
'G +{,'G *J
'G +|,'G *J
'G +},'G *J
'G +~,'G *J
'G -!,'G *J
'G -#,'G *J
'G -$,'G *J
'G -%,'G *J
'G -&,'G *J
'G -','G *J
'G -(,'G *J
'G -),'G *J
'G -*,'G *J
'G -+,'G *J
'G --,'G *J
'G -.,'G *J
'G -/,'G *J
'G -0,'G *J
'G -1,'G *J
'G -2,'G *J
'G -3,'G *J
'G -4,'G *J
'G -5,'G *J
'G -6,'G *J
'G -7,'G *J
'G -8,'G *J
'G -:,'G -9
'G -<,'G -;
'G -=,'G -;
'G ->,'G -;
'G -?,'G -;
'G -@,'G -;
'G -A,'G -;
'G -B,'G -;
'G -C,'G -;
'G -D,'G -;
'G -E,'G -;
'G -F,'G -;
'G -G,'G -;
'G -H,'G -;
'G -I,'G -;
'G -J,'G -;
'G -K,'G -;
'G -L,'G -;
'G -M,'G -;
'G -N,'G -;
'G -O,'G -;
'G -P,'G -;
'G -Q,'G -;
'G -R,'G -;
'G -S,'G -;
'G -T,'G -;
'G -U,'G -;
'G -V,'G -;
'G -W,'G -;
'G -X,'G -;
'G -Y,'G -;
'G -Z,'G -;
'G -[,'G -;
'G -],'G -;
'G -^,'G -;
'G -_,'G -;
'G -`,'G -;
'G -a,'G -;
'G -b,'G -;
'G -c,'G -;
'G -d,'G -;
'G -e,'G -;
'G -f,'G -;
'G -g,'G -;
'G -h,'G -;
'G -i,'G -;
'G -j,'G -;
'G -k,'G -;
'G -l,'G -;
'G -m,'G -;
'G -n,'G -;
'G -o,'G -;
'G -p,'G -;
'G -q,'G -;
'G -r,'G -;
'G -s,'G -;
'G -t,'G -;
'G -u,'G -;
'G -v,'G -;
'G -w,'G -;
'G -x,'G -;
'G -y,'G -;
'G -z,'G -;
'G -{,'G -;
'G -|,'G -;
'G -},'G -;
'G -~,'G -;
'G .!,'G -;
'G .#,'G -;
'G .$,'G -;
'G .%,'G -;
'G .&,'G -;
'G .','G -;
'G .(,'G -;
'G .),'G -;
'G .*,'G -;
'G .+,'G -;
'G .-,'G -;
'G ..,'G -;
'G ./,'G -;
'G .0,'G -;
'G .1,'G -;
'G .2,'G -;
'G .3,'G -;
'G .4,'G -;
'G .5,'G -;
'G .6,'G -;
'G .7,'G -;
'G .8,'G -;
'G .9,'G -;
'G .:,'G -;
'G .;,'G -;
'G .<,'G -;
'G .=,'G -;
'G .>,'G -;
'G .?,'G -;
'G .@,'G -;
'G .A,'G -;
'G .B,'G -;
'G .C,'G -;
'G .D,'G -;
'G .E,'G -;
'G .F,'G -;
'G .G,'G -;
'G .H,'G -;
'G .I,'G -;
'G .J,'G -;
'G .K,'G -;
'G .L,'G -;
'G .M,'G -;
'G .N,'G -;
'G .O,'G -;
'G .P,'G -;
'G .Q,'G -;
'G .R,'G -;
'G .S,'G -;
'G .T,'G -;
'G .U,'G -;
'G .V,'G -;
'G .W,'G -;
'G .X,'G -;
'G .Y,'G -;
'G .Z,'G -;
'G .[,'G -;
'G .],'G -;
'G .^,'G -;
'G ._,'G -;
'G .`,'G -;
'G .a,'G -;
'G .b,'G -;
'G .c,'G -;
'G .d,'G -;
'G .e,'G -;
'G .f,'G -;
'G .g,'G -;
'G .h,'G -;
'G .i,'G -;
'G .j,'G -;
'G .k,'G -;
'G .l,'G -;
'G .m,'G -;
'G .n,'G -;
'G .o,'G -;
'G .p,'G -;
'G .q,'G -;
'G .r,'G -;
'G .s,'G -;
'G .t,'G -;
'G .u,'G -;
'G .v,'G -;
'G .w,'G -;
'G .x,'G -;
'G .y,'G -;
'G .z,'G -;
'G .|,'G .{
'G .},'G .{
'G .~,'G .{
'G /!,'G .{
'G /#,'G .{
'G /$,'G .{
'G /%,'G .{
'G /&,'G .{
'G /','G .{
'G /(,'G .{
'G /),'G .{
'G /*,'G .{
'G /+,'G .{
'G /-,'G .{
'G /.,'G .{
'G //,'G .{
'G /0,'G .{
'G /1,'G .{
'G /2,'G .{
'G /3,'G .{
'G /4,'G .{
'G /5,'G .{
'G /6,'G .{
'G /7,'G .{
'G /8,'G .{
'G /9,'G .{
'G /:,'G .{
'G /;,'G .{
'G /<,'G .{
'G /=,'G .{
'G />,'G .{
'G /?,'G .{
'G /@,'G .{
'G /A,'G .{
'G /B,'G .{
'G /C,'G .{
'G /D,'G .{
'G /E,'G .{
'G /F,'G .{
'G /G,'G .{
'G /H,'G .{
'G /I,'G .{
'G /J,'G .{
'G /K,'G .{
'G /L,'G .{
'G /M,'G .{
'G /N,'G .{
'G /O,'G .{
'G /P,'G .{
'G /Q,'G .{
'G /R,'G .{
'G /S,'G .{
'G /T,'G .{
'G /U,'G .{
'G /V,'G .{
'G /W,'G .{
'G /X,'G .{
'G /Y,'G .{
'G /Z,'G .{
'G /[,'G .{
'G /],'G .{
'G /^,'G .{
'G /_,'G .{
'G /`,'G .{
'G /a,'G .{
'G /b,'G .{
'G /c,'G .{
'G /d,'G .{
'G /e,'G .{
'G /f,'G .{
'G /g,'G .{
'G /h,'G .{
'G /i,'G .{
'G /j,'G .{
'G /k,'G .{
'G /l,'G .{
'G /m,'G .{
'G /n,'G .{
'G /o,'G .{
'G /p,'G .{
'G /q,'G .{
'G /r,'G .{
'G /t,'G /s
'G /u,'G /s
'G /v,'G /s
'G /w,'G /s
'G /x,'G /s
'G /y,'G /s
'G /z,'G /s
'G /{,'G /s
'G /|,'G /s
'G /},'G /s
'G /~,'G /s
'G 0!,'G /s
'G 0#,'G /s
'G 0$,'G /s
'G 0%,'G /s
'G 0&,'G /s
'G 0','G /s
'G 0(,'G /s
'G 0),'G /s
'G 0*,'G /s
'G 0+,'G /s
'G 0-,'G /s
'G 0.,'G /s
'G 0/,'G /s
'G 00,'G /s
'G 01,'G /s
'G 02,'G /s
'G 03,'G /s
'G 04,'G /s
'G 05,'G /s
'G 06,'G /s
'G 07,'G /s
'G 08,'G /s
'G 09,'G /s
'G 0:,'G /s
'G 0;,'G /s
'G 0<,'G /s
'G 0=,'G /s
'G 0>,'G /s
'G 0?,'G /s
'G 0@,'G /s
'G 0A,'G /s
'G 0B,'G /s
'G 0C,'G /s
'G 0D,'G /s
'G 0E,'G /s
'G 0F,'G /s
'G 0G,'G /s
'G 0H,'G /s
'G 0I,'G /s
'G 0J,'G /s
'G 0K,'G /s
'G 0L,'G /s
'G 0M,'G /s
'G 0N,'G /s
'G 0O,'G /s
'G 0P,'G /s
'G 0Q,'G /s
'G 0R,'G /s
'G 0S,'G /s
'G 0T,'G /s
'G 0U,'G /s
'G 0V,'G /s
'G 0W,'G /s
'G 0X,'G /s
'G 0Y,'G /s
'G 0Z,'G /s
'G 0[,'G /s
'G 0],'G /s
'G 0^,'G /s
'G 0_,'G /s
'G 0`,'G /s
'G 0a,'G /s
'G 0b,'G /s
'G 0c,'G /s
'G 0d,'G /s
'G 0e,'G /s
'G 0f,'G /s
'G 0g,'G /s
'G 0h,'G /s
'G 0i,'G /s
'G 0j,'G /s
'G 0k,'G /s
'G 0l,'G /s
'G 0m,'G /s
'G 0n,'G /s
'G 0o,'G /s
'G 0p,'G /s
'G 0q,'G /s
'G 0s,'G 0r
'G 0t,'G 0r
'G 0u,'G 0r
'G 0v,'G 0r
'G 0w,'G 0r
'G 0x,'G 0r
'G 0y,'G 0r
'G 0z,'G 0r
'G 0{,'G 0r
'G 0|,'G 0r
'G 0},'G 0r
'G 0~,'G 0r
'G 1!,'G 0r
'G 1#,'G 0r
'G 1$,'G 0r
'G 1%,'G 0r
'G 1&,'G 0r
'G 1','G 0r
'G 1(,'G 0r
'G 1),'G 0r
'G 1*,'G 0r
'G 1+,'G 0r
'G 1-,'G 0r
'G 1.,'G 0r
'G 1/,'G 0r
'G 10,'G 0r
'G 11,'G 0r
'G 12,'G 0r
'G 13,'G 0r
'G 14,'G 0r
'G 15,'G 0r
'G 16,'G 0r
'G 17,'G 0r
'G 18,'G 0r
'G 19,'G 0r
'G 1:,'G 0r
'G 1;,'G 0r
'G 1<,'G 0r
'G 1=,'G 0r
'G 1>,'G 0r
'G 1?,'G 0r
'G 1@,'G 0r
'G 1A,'G 0r
'G 1B,'G 0r
'G 1C,'G 0r
'G 1D,'G 0r
'G 1E,'G 0r
'G 1F,'G 0r
'G 1G,'G 0r
'G 1H,'G 0r
'G 1I,'G 0r
'G 1J,'G 0r
'G 1K,'G 0r
'G 1L,'G 0r
'G 1M,'G 0r
'G 1N,'G 0r
'G 1O,'G 0r
'G 1P,'G 0r
'G 1Q,'G 0r
'G 1R,'G 0r
'G 1S,'G 0r
'G 1T,'G 0r
'G 1U,'G 0r
'G 1V,'G 0r
'G 1W,'G 0r
'G 1X,'G 0r
'G 1Y,'G 0r
'G 1Z,'G 0r
'G 1[,'G 0r
'G 1],'G 0r
'G 1^,'G 0r
'G 1_,'G 0r
'G 1`,'G 0r
'G 1a,'G 0r
'G 1b,'G 0r
'G 1c,'G 0r
'G 1d,'G 0r
'G 1e,'G 0r
'G 1f,'G 0r
'G 1g,'G 0r
'G 1h,'G 0r
'G 1i,'G 0r
'G 1j,'G 0r
'G 1k,'G 0r
'G 1l,'G 0r
'G 1m,'G 0r
'G 1n,'G 0r
'G 1o,'G 0r
'G 1p,'G 0r
'G 1q,'G 0r
'G 1s,'G 1r
'G 1t,'G 1r
'G 1u,'G 1r
'G 1v,'G 1r
'G 1w,'G 1r
'G 1x,'G 1r
'G 1y,'G 1r
'G 1z,'G 1r
'G 1{,'G 1r
'G 1|,'G 1r
'G 1},'G 1r
'G 1~,'G 1r
'G 2!,'G 1r
'G 2#,'G 1r
'G 2$,'G 1r
'G 2%,'G 1r
'G 2&,'G 1r
'G 2','G 1r
'G 2(,'G 1r
'G 2),'G 1r
'G 2*,'G 1r
'G 2+,'G 1r
'G 2-,'G 1r
'G 2.,'G 1r
'G 2/,'G 1r
'G 20,'G 1r
'G 21,'G 1r
'G 22,'G 1r
'G 23,'G 1r
'G 24,'G 1r
'G 25,'G 1r
'G 26,'G 1r
'G 27,'G 1r
'G 28,'G 1r
'G 29,'G 1r
'G 2:,'G 1r
'G 2;,'G 1r
'G 2<,'G 1r
'G 2=,'G 1r
'G 2>,'G 1r
'G 2?,'G 1r
'G 2@,'G 1r
'G 2A,'G 1r
'G 2B,'G 1r
'G 2C,'G 1r
'G 2D,'G 1r
'G 2E,'G 1r
'G 2F,'G 1r
'G 2G,'G 1r
'G 2H,'G 1r
'G 2I,'G 1r
'G 2J,'G 1r
'G 2K,'G 1r
'G 2L,'G 1r
'G 2M,'G 1r
'G 2N,'G 1r
'G 2O,'G 1r
'G 2P,'G 1r
'G 2Q,'G 1r
'G 2R,'G 1r
'G 2S,'G 1r
'G 2T,'G 1r
'G 2U,'G 1r
'G 2V,'G 1r
'G 2W,'G 1r
'G 2X,'G 1r
'G 2Y,'G 1r
'G 2Z,'G 1r
'G 2[,'G 1r
'G 2],'G 1r
'G 2^,'G 1r
'G 2_,'G 1r
'G 2`,'G 1r
'G 2a,'G 1r
'G 2b,'G 1r
'G 2c,'G 1r
'G 2d,'G 1r
'G 2e,'G 1r
'G 2f,'G 1r
'G 2g,'G 1r
'G 2h,'G 1r
'G 2i,'G 1r
'G 2j,'G 1r
'G 2k,'G 1r
'G 2l,'G 1r
'G 2m,'G 1r
'G 2n,'G 1r
'G 2o,'G 1r
'G 2p,'G 1r
'G 2r,'G 2q
'G 2s,'G 2q
'G 2t,'G 2q
'G 2u,'G 2q
'G 2v,'G 2q
'G 2w,'G 2q
'G 2x,'G 2q
'G 2y,'G 2q
'G 2z,'G 2q
'G 2{,'G 2q
'G 2|,'G 2q
'G 2},'G 2q
'G 2~,'G 2q
'G 3!,'G 2q
'G 3#,'G 2q
'G 3$,'G 2q
'G 3%,'G 2q
'G 3&,'G 2q
'G 3','G 2q
'G 3(,'G 2q
'G 3),'G 2q
'G 3*,'G 2q
'G 3+,'G 2q
'G 3-,'G 2q
'G 3.,'G 2q
'G 3/,'G 2q
'G 30,'G 2q
'G 31,'G 2q
'G 32,'G 2q
'G 33,'G 2q
'G 34,'G 2q
'G 35,'G 2q
'G 36,'G 2q
'G 37,'G 2q
'G 38,'G 2q
'G 39,'G 2q
'G 3:,'G 2q
'G 3;,'G 2q
'G 3<,'G 2q
'G 3=,'G 2q
'G 3>,'G 2q
'G 3?,'G 2q
'G 3@,'G 2q
'G 3A,'G 2q
'G 3B,'G 2q
'G 3C,'G 2q
'G 3D,'G 2q
'G 3E,'G 2q
'G 3F,'G 2q
'G 3G,'G 2q
'G 3H,'G 2q
'G 3I,'G 2q
'G 3J,'G 2q
'G 3K,'G 2q
'G 3L,'G 2q
'G 3M,'G 2q
'G 3N,'G 2q
'G 3O,'G 2q
'G 3P,'G 2q
'G 3Q,'G 2q
'G 3R,'G 2q
'G 3S,'G 2q
'G 3T,'G 2q
'G 3U,'G 2q
'G 3V,'G 2q
'G 3W,'G 2q
'G 3X,'G 2q
'G 3Y,'G 2q
'G 3Z,'G 2q
'G 3[,'G 2q
'G 3],'G 2q
'G 3^,'G 2q
'G 3_,'G 2q
'G 3`,'G 2q
'G 3a,'G 2q
'G 3b,'G 2q
'G 3c,'G 2q
'G 3d,'G 2q
'G 3e,'G 2q
'G 3f,'G 2q
'G 3g,'G 2q
'G 3h,'G 2q
'G 3i,'G 2q
'G 3j,'G 2q
'G 3k,'G 2q
'G 3l,'G 2q
'G 3m,'G 2q
'G 3n,'G 2q
'G 3o,'G 2q
'G 3p,'G 2q
'G 3q,'G 2q
'G 3r,'G 2q
'G 3s,'G 2q
'G 3t,'G 2q
'G 3u,'G 2q
'G 3v,'G 2q
'G 3w,'G 2q
'G 3x,'G 2q
'G 3y,'G 2q
'G 3z,'G 2q
'G 3{,'G 2q
'G 3|,'G 2q
'G 3},'G 2q
'G 3~,'G 2q
'G 4!,'G 2q
'G 4#,'G 2q
'G 4$,'G 2q
'G 4%,'G 2q
'G 4&,'G 2q
'G 4','G 2q
'G 4(,'G 2q
'G 4),'G 2q
'G 4*,'G 2q
'G 4+,'G 2q
'G 4-,'G 2q
'G 4.,'G 2q
'G 4/,'G 2q
'G 40,'G 2q
'G 41,'G 2q
'G 42,'G 2q
'G 43,'G 2q
'G 44,'G 2q
'G 45,'G 2q
'G 46,'G 2q
'G 47,'G 2q
'G 48,'G 2q
'G 49,'G 2q
'G 4:,'G 2q
'G 4;,'G 2q
'G 4<,'G 2q
'G 4=,'G 2q
'G 4>,'G 2q
'G 4?,'G 2q
'G 4@,'G 2q
'G 4A,'G 2q
'G 4B,'G 2q
'G 4C,'G 2q
'G 4D,'G 2q
'G 4E,'G 2q
'G 4F,'G 2q
'G 4G,'G 2q
'G 4H,'G 2q
'G 4I,'G 2q
'G 4J,'G 2q
'G 4K,'G 2q
'G 4L,'G 2q
'G 4M,'G 2q
'G 4N,'G 2q
'G 4O,'G 2q
'G 4P,'G 2q
'G 4Q,'G 2q
'G 4R,'G 2q
'G 4S,'G 2q
'G 4T,'G 2q
'G 4U,'G 2q
'G 4V,'G 2q
'G 4W,'G 2q
'G 4X,'G 2q
'G 4Y,'G 2q
'G 4Z,'G 2q
'G 4[,'G 2q
'G 4],'G 2q
'G 4^,'G 2q
'G 4_,'G 2q
'G 4`,'G 2q
'G 4a,'G 2q
'G 4b,'G 2q
'G 4c,'G 2q
'G 4d,'G 2q
'G 4e,'G 2q
'G 4f,'G 2q
'G 4g,'G 2q
'G 4h,'G 2q
'G 4i,'G 2q
'G 4j,'G 2q
'G 4k,'G 2q
'G 4l,'G 2q
'G 4m,'G 2q
'G 4n,'G 2q
'G 4o,'G 2q
'G 4p,'G 2q
'G 4q,'G 2q
'G 4r,'G 2q
'G 4s,'G 2q
'G 4t,'G 2q
'G 4u,'G 2q
'G 4v,'G 2q
'G 4w,'G 2q
'G 4x,'G 2q
'G 4y,'G 2q
'G 4z,'G 2q
'G 4{,'G 2q
'G 4|,'G 2q
'G 4},'G 2q
'G 4~,'G 2q
'G 5!,'G 2q
'G 5#,'G 2q
'G 5$,'G 2q
'G 5%,'G 2q
'G 5&,'G 2q
'G 5','G 2q
'G 5(,'G 2q
'G 5),'G 2q
'G 5*,'G 2q
'G 5+,'G 2q
'G 5-,'G 2q
'G 5.,'G 2q
'G 5/,'G 2q
'G 50,'G 2q
'G 51,'G 2q
'G 52,'G 2q
'G 53,'G 2q
'G 54,'G 2q
'G 55,'G 2q
'G 56,'G 2q
'G 57,'G 2q
'G 58,'G 2q
'G 59,'G 2q
'G 5:,'G 2q
'G 5;,'G 2q
'G 5<,'G 2q
'G 5=,'G 2q
'G 5>,'G 2q
'G 5?,'G 2q
'G 5@,'G 2q
'G 5A,'G 2q
'G 5B,'G 2q
'G 5C,'G 2q
'G 5D,'G 2q
'G 5E,'G 2q
'G 5F,'G 2q
'G 5G,'G 2q
'G 5H,'G 2q
'G 5I,'G 2q
'G 5J,'G 2q
'G 5K,'G 2q
'G 5L,'G 2q
'G 5M,'G 2q
'G 5N,'G 2q
'G 5O,'G 2q
'G 5P,'G 2q
'G 5Q,'G 2q
'G 5R,'G 2q
'G 5S,'G 2q
'G 5T,'G 2q
'G 5U,'G 2q
'G 5V,'G 2q
'G 5W,'G 2q
'G 5X,'G 2q
'G 5Y,'G 2q
'G 5Z,'G 2q
'G 5[,'G 2q
'G 5],'G 2q
'G 5^,'G 2q
'G 5_,'G 2q
'G 5`,'G 2q
'G 5a,'G 2q
'G 5b,'G 2q
'G 5c,'G 2q
'G 5d,'G 2q
'G 5e,'G 2q
'G 5f,'G 2q
'G 5g,'G 2q
'G 5h,'G 2q
'G 5i,'G 2q
'G 5j,'G 2q
'G 5k,'G 2q
'G 5l,'G 2q
'G 5m,'G 2q
'G 5n,'G 2q
'G 5o,'G 2q
'G 5p,'G 2q
'G 5q,'G 2q
'G 5r,'G 2q
'G 5s,'G 2q
'G 5t,'G 2q
'G 5u,'G 2q
'G 5v,'G 2q
'G 5w,'G 2q
'G 5x,'G 2q
'G 5y,'G 2q
'G 5z,'G 2q
'G 5{,'G 2q
'G 5|,'G 2q
'G 5},'G 2q
'G 5~,'G 2q
'G 6!,'G 2q
'G 6#,'G 2q
'G 6$,'G 2q
'G 6%,'G 2q
'G 6&,'G 2q
'G 6','G 2q
'G 6(,'G 2q
'G 6),'G 2q
'G 6*,'G 2q
'G 6+,'G 2q
'G 6-,'G 2q
'G 6.,'G 2q
'G 6/,'G 2q
'G 60,'G 2q
'G 61,'G 2q
'G 62,'G 2q
'G 63,'G 2q
'G 64,'G 2q
'G 65,'G 2q
'G 66,'G 2q
'G 67,'G 2q
'G 68,'G 2q
'G 69,'G 2q
'G 6:,'G 2q
'G 6;,'G 2q
'G 6<,'G 2q
'G 6=,'G 2q
'G 6>,'G 2q
'G 6?,'G 2q
'G 6@,'G 2q
'G 6A,'G 2q
'G 6B,'G 2q
'G 6C,'G 2q
'G 6D,'G 2q
'G 6E,'G 2q
'G 6F,'G 2q
'G 6G,'G 2q
'G 6H,'G 2q
'G 6J,'G 6I
'G 6K,'G 6I
'G 6L,'G 6I
'G 6M,'G 6I
'G 6N,'G 6I
'G 6O,'G 6I
'G 6P,'G 6I
'G 6Q,'G 6I
'G 6R,'G 6I
'G 6S,'G 6I
'G 6T,'G 6I
'G 6U,'G 6I
'G 6V,'G 6I
'G 6W,'G 6I
'G 6X,'G 6I
'G 6Y,'G 6I
'G 6Z,'G 6I
'G 6[,'G 6I
'G 6],'G 6I
'G 6^,'G 6I
'G 6_,'G 6I
'G 6`,'G 6I
'G 6a,'G 6I
'G 6b,'G 6I
'G 6c,'G 6I
'G 6d,'G 6I
'G 6e,'G 6I
'G 6f,'G 6I
'G 6g,'G 6I
'G 6h,'G 6I
'G 6i,'G 6I
'G 6j,'G 6I
'G 6k,'G 6I
'G 6l,'G 6I
'G 6m,'G 6I
'G 6n,'G 6I
'G 6o,'G 6I
'G 6p,'G 6I
'G 6q,'G 6I
'G 6r,'G 6I
'G 6s,'G 6I
'G 6t,'G 6I
'G 6u,'G 6I
'G 6v,'G 6I
'G 6w,'G 6I
'G 6x,'G 6I
'G 6y,'G 6I
'G 6z,'G 6I
'G 6{,'G 6I
'G 6|,'G 6I
'G 6},'G 6I
'G 6~,'G 6I
'G 7!,'G 6I
'G 7#,'G 6I
'G 7$,'G 6I
'G 7%,'G 6I
'G 7&,'G 6I
'G 7','G 6I
'G 7(,'G 6I
'G 7),'G 6I
'G 7*,'G 6I
'G 7+,'G 6I
'G 7-,'G 6I
'G 7.,'G 6I
'G 7/,'G 6I
'G 70,'G 6I
'G 71,'G 6I
'G 72,'G 6I
'G 73,'G 6I
'G 74,'G 6I
'G 75,'G 6I
'G 76,'G 6I
'G 77,'G 6I
'G 78,'G 6I
'G 79,'G 6I
'G 7:,'G 6I
'G 7;,'G 6I
'G 7<,'G 6I
'G 7=,'G 6I
'G 7>,'G 6I
'G 7?,'G 6I
'G 7@,'G 6I
'G 7A,'G 6I
'G 7B,'G 6I
'G 7C,'G 6I
'G 7D,'G 6I
'G 7E,'G 6I
'G 7F,'G 6I
'G 7G,'G 6I
'G 7H,'G 6I
'G 7I,'G 6I
'G 7J,'G 6I
'G 7K,'G 6I
'G 7L,'G 6I
'G 7M,'G 6I
'G 7N,'G 6I
'G 7O,'G 6I
'G 7P,'G 6I
'G 7Q,'G 6I
'G 7R,'G 6I
'G 7S,'G 6I
'G 7T,'G 6I
'G 7U,'G 6I
'G 7V,'G 6I
'G 7W,'G 6I
'G 7X,'G 6I
'G 7Y,'G 6I
'G 7Z,'G 6I
'G 7[,'G 6I
'G 7],'G 6I
'G 7^,'G 6I
'G 7_,'G 6I
'G 7`,'G 6I
'G 7a,'G 6I
'G 7b,'G 6I
'G 7c,'G 6I
'G 7d,'G 6I
'G 7e,'G 6I
'G 7f,'G 6I
'G 7g,'G 6I
'G 7h,'G 6I
'G 7i,'G 6I
'G 7k,'G 7j
'G 7l,'G 7j
'G 7m,'G 7j
'G 7n,'G 7j
'G 7o,'G 7j
'G 7p,'G 7j
'G 7q,'G 7j
'G 7r,'G 7j
'G 7s,'G 7j
'G 7t,'G 7j
'G 7u,'G 7j
'G 7v,'G 7j
'G 7w,'G 7j
'G 7x,'G 7j
'G 7y,'G 7j
'G 7z,'G 7j
'G 7{,'G 7j
'G 7|,'G 7j
'G 7},'G 7j
'G 7~,'G 7j
'G 8!,'G 7j
'G 8#,'G 7j
'G 8$,'G 7j
'G 8%,'G 7j
'G 8&,'G 7j
'G 8','G 7j
'G 8(,'G 7j
'G 8),'G 7j
'G 8*,'G 7j
'G 8+,'G 7j
'G 8-,'G 7j
'G 8.,'G 7j
'G 8/,'G 7j
'G 80,'G 7j
'G 81,'G 7j
'G 82,'G 7j
'G 83,'G 7j
'G 84,'G 7j
'G 85,'G 7j
'G 86,'G 7j
'G 87,'G 7j
'G 88,'G 7j
'G 89,'G 7j
'G 8:,'G 7j
'G 8;,'G 7j
'G 8<,'G 7j
'G 8=,'G 7j
'G 8>,'G 7j
'G 8?,'G 7j
'G 8@,'G 7j
'G 8A,'G 7j
'G 8B,'G 7j
'G 8C,'G 7j
'G 8D,'G 7j
'G 8E,'G 7j
'G 8F,'G 7j
'G 8G,'G 7j
'G 8H,'G 7j
'G 8I,'G 7j
'G 8J,'G 7j
'G 8K,'G 7j
'G 8L,'G 7j
'G 8M,'G 7j
'G 8N,'G 7j
'G 8O,'G 7j
'G 8P,'G 7j
'G 8Q,'G 7j
'G 8R,'G 7j
'G 8S,'G 7j
'G 8T,'G 7j
'G 8U,'G 7j
'G 8V,'G 7j
'G 8W,'G 7j
'G 8X,'G 7j
'G 8Y,'G 7j
'G 8Z,'G 7j
'G 8[,'G 7j
'G 8],'G 7j
'G 8^,'G 7j
'G 8_,'G 7j
'G 8`,'G 7j
'G 8a,'G 7j
'G 8b,'G 7j
'G 8c,'G 7j
'G 8d,'G 7j
'G 8e,'G 7j
'G 8f,'G 7j
'G 8g,'G 7j
'G 8h,'G 7j
'G 8i,'G 7j
'G 8j,'G 7j
'G 8k,'G 7j
'G 8l,'G 7j
'G 8m,'G 7j
'G 8n,'G 7j
'G 8o,'G 7j
'G 8p,'G 7j
'G 8q,'G 7j
'G 8r,'G 7j
'G 8s,'G 7j
'G 8t,'G 7j
'G 8u,'G 7j
'G 8v,'G 7j
'G 8w,'G 7j
'G 8x,'G 7j
'G 8y,'G 7j
'G 8z,'G 7j
'G 8{,'G 7j
'G 8|,'G 7j
'G 8},'G 7j
'G 8~,'G 7j
'G 9!,'G 7j
'G 9#,'G 7j
'G 9$,'G 7j
'G 9%,'G 7j
'G 9&,'G 7j
'G 9','G 7j
'G 9(,'G 7j
'G 9),'G 7j
'G 9*,'G 7j
'G 9+,'G 7j
'G 9-,'G 7j
'G 9.,'G 7j
'G 9/,'G 7j
'G 90,'G 7j
'G 91,'G 7j
'G 92,'G 7j
'G 93,'G 7j
'G 94,'G 7j
'G 95,'G 7j
'G 96,'G 7j
'G 97,'G 7j
'G 98,'G 7j
'G 99,'G 7j
'G 9:,'G 7j
'G 9;,'G 7j
'G 9<,'G 7j
'G 9=,'G 7j
'G 9>,'G 7j
'G 9?,'G 7j
'G 9@,'G 7j
'G 9A,'G 7j
'G 9B,'G 7j
'G 9C,'G 7j
'G 9D,'G 7j
'G 9E,'G 7j
'G 9F,'G 7j
'G 9G,'G 7j
'G 9H,'G 7j
'G 9I,'G 7j
'G 9J,'G 7j
'G 9K,'G 7j
'G 9L,'G 7j
'G 9M,'G 7j
'G 9N,'G 7j
'G 9O,'G 7j
'G 9P,'G 7j
'G 9Q,'G 7j
'G 9R,'G 7j
'G 9S,'G 7j
'G 9T,'G 7j
'G 9U,'G 7j
'G 9V,'G 7j
'G 9W,'G 7j
'G 9X,'G 7j
'G 9Y,'G 7j
'G 9Z,'G 7j
'G 9[,'G 7j
'G 9],'G 7j
'G 9^,'G 7j
'G 9_,'G 7j
'G 9`,'G 7j
'G 9b,'G 9a
'G 9c,'G 9a
'G 9d,'G 9a
'G 9e,'G 9a
'G 9f,'G 9a
'G 9g,'G 9a
'G 9h,'G 9a
'G 9i,'G 9a
'G 9j,'G 9a
'G 9k,'G 9a
'G 9l,'G 9a
'G 9m,'G 9a
'G 9n,'G 9a
'G 9o,'G 9a
'G 9p,'G 9a
'G 9q,'G 9a
'G 9r,'G 9a
'G 9s,'G 9a
'G 9t,'G 9a
'G 9u,'G 9a
'G 9v,'G 9a
'G 9w,'G 9a
'G 9x,'G 9a
'G 9y,'G 9a
'G 9z,'G 9a
'G 9{,'G 9a
'G 9|,'G 9a
'G 9},'G 9a
'G 9~,'G 9a
'G :!,'G 9a
'G :#,'G 9a
'G :$,'G 9a
'G :%,'G 9a
'G :&,'G 9a
'G :','G 9a
'G :(,'G 9a
'G :),'G 9a
'G :*,'G 9a
'G :+,'G 9a
'G :-,'G 9a
'G :.,'G 9a
'G :/,'G 9a
'G :0,'G 9a
'G :1,'G 9a
'G :2,'G 9a
'G :3,'G 9a
'G :4,'G 9a
'G :5,'G 9a
'G :6,'G 9a
'G :7,'G 9a
'G :8,'G 9a
'G :9,'G 9a
'G ::,'G 9a
'G :;,'G 9a
'G :<,'G 9a
'G :=,'G 9a
'G :>,'G 9a
'G :?,'G 9a
'G :@,'G 9a
'G :A,'G 9a
'G :B,'G 9a
'G :C,'G 9a
'G :D,'G 9a
'G :E,'G 9a
'G :F,'G 9a
'G :G,'G 9a
'G :H,'G 9a
'G :I,'G 9a
'G :J,'G 9a
'G :K,'G 9a
'G :L,'G 9a
'G :M,'G 9a
'G :N,'G 9a
'G :O,'G 9a
'G :P,'G 9a
'G :Q,'G 9a
'G :R,'G 9a
'G :S,'G 9a
'G :T,'G 9a
'G :U,'G 9a
'G :V,'G 9a
'G :W,'G 9a
'G :X,'G 9a
'G :Y,'G 9a
'G :Z,'G 9a
'G :[,'G 9a
'G :],'G 9a
'G :^,'G 9a
'G :_,'G 9a
'G :`,'G 9a
'G :a,'G 9a
'G :b,'G 9a
'G :c,'G 9a
'G :d,'G 9a
'G :e,'G 9a
'G :f,'G 9a
'G :g,'G 9a
'G :h,'G 9a
'G :i,'G 9a
'G :j,'G 9a
'G :k,'G 9a
'G :l,'G 9a
'G :m,'G 9a
'G :n,'G 9a
'G :o,'G 9a
'G :p,'G 9a
'G :q,'G 9a
'G :r,'G 9a
'G :s,'G 9a
'G :t,'G 9a
'G :u,'G 9a
'G :v,'G 9a
'G :w,'G 9a
'G :x,'G 9a
'G :y,'G 9a
'G :z,'G 9a
'G :{,'G 9a
'G :|,'G 9a
'G :},'G 9a
'G :~,'G 9a
'G ;!,'G 9a
'G ;#,'G 9a
'G ;$,'G 9a
'G ;%,'G 9a
'G ;&,'G 9a
'G ;','G 9a
'G ;(,'G 9a
'G ;),'G 9a
'G ;+,'G ;*
'G ;-,'G ;*
'G ;.,'G ;*
'G ;/,'G ;*
'G ;0,'G ;*
'G ;1,'G ;*
'G ;2,'G ;*
'G ;3,'G ;*
'G ;4,'G ;*
'G ;5,'G ;*
'G ;6,'G ;*
'G ;7,'G ;*
'G ;8,'G ;*
'G ;9,'G ;*
'G ;:,'G ;*
'G ;;,'G ;*
'G ;<,'G ;*
'G ;=,'G ;*
'G ;>,'G ;*
'G ;?,'G ;*
'G ;@,'G ;*
'G ;A,'G ;*
'G ;B,'G ;*
'G ;C,'G ;*
'G ;D,'G ;*
'G ;E,'G ;*
'G ;F,'G ;*
'G ;G,'G ;*
'G ;H,'G ;*
'G ;I,'G ;*
'G ;J,'G ;*
'G ;K,'G ;*
'G ;L,'G ;*
'G ;M,'G ;*
'G ;N,'G ;*
'G ;O,'G ;*
'G ;P,'G ;*
'G ;Q,'G ;*
'G ;R,'G ;*
'G ;S,'G ;*
'G ;T,'G ;*
'G ;U,'G ;*
'G ;V,'G ;*
'G ;W,'G ;*
'G ;X,'G ;*
'G ;Y,'G ;*
'G ;Z,'G ;*
'G ;[,'G ;*
'G ;],'G ;*
'G ;^,'G ;*
'G ;_,'G ;*
'G ;`,'G ;*
'G ;a,'G ;*
'G ;b,'G ;*
'G ;c,'G ;*
'G ;d,'G ;*
'G ;e,'G ;*
'G ;f,'G ;*
'G ;g,'G ;*
'G ;h,'G ;*
'G ;i,'G ;*
'G ;j,'G ;*
'G ;k,'G ;*
'G ;l,'G ;*
'G ;m,'G ;*
'G ;n,'G ;*
'G ;o,'G ;*
'G ;p,'G ;*
'G ;q,'G ;*
'G ;r,'G ;*
'G ;s,'G ;*
'G ;t,'G ;*
'G ;u,'G ;*
'G ;v,'G ;*
'G ;w,'G ;*
'G ;x,'G ;*
'G ;y,'G ;*
'G ;z,'G ;*
'G ;{,'G ;*
'G ;|,'G ;*
'G ;},'G ;*
'G ;~,'G ;*
'G <!,'G ;*
'G <#,'G ;*
'G <$,'G ;*
'G <%,'G ;*
'G <&,'G ;*
'G <','G ;*
'G <(,'G ;*
'G <),'G ;*
'G <*,'G ;*
'G <+,'G ;*
'G <-,'G ;*
'G <.,'G ;*
'G </,'G ;*
'G <0,'G ;*
'G <1,'G ;*
'G <2,'G ;*
'G <3,'G ;*
'G <4,'G ;*
'G <5,'G ;*
'G <6,'G ;*
'G <7,'G ;*
'G <8,'G ;*
'G <9,'G ;*
'G <:,'G ;*
'G <;,'G ;*
'G <<,'G ;*
'G <=,'G ;*
'G <>,'G ;*
'G <?,'G ;*
'G <@,'G ;*
'G <A,'G ;*
'G <B,'G ;*
'G <C,'G ;*
'G <D,'G ;*
'G <E,'G ;*
'G <F,'G ;*
'G <G,'G ;*
'G <H,'G ;*
'G <I,'G ;*
'G <J,'G ;*
'G <K,'G ;*
'G <L,'G ;*
'G <M,'G ;*
'G <N,'G ;*
'G <O,'G ;*
'G <P,'G ;*
'G <Q,'G ;*
'G <R,'G ;*
'G <S,'G ;*
'G <T,'G ;*
'G <U,'G ;*
'G <V,'G ;*
'G <W,'G ;*
'G <X,'G ;*
'G <Y,'G ;*
'G <Z,'G ;*
'G <[,'G ;*
'G <],'G ;*
'G <^,'G ;*
'G <_,'G ;*
'G <`,'G ;*
'G <a,'G ;*
'G <b,'G ;*
'G <c,'G ;*
'G <d,'G ;*
'G <e,'G ;*
'G <f,'G ;*
'G <g,'G ;*
'G <h,'G ;*
'G <i,'G ;*
'G <j,'G ;*
'G <k,'G ;*
'G <l,'G ;*
'G <m,'G ;*
'G <n,'G ;*
'G <o,'G ;*
'G <p,'G ;*
'G <q,'G ;*
'G <r,'G ;*
'G <s,'G ;*
'G <t,'G ;*
'G <u,'G ;*
'G <v,'G ;*
'G <w,'G ;*
'G <x,'G ;*
'G <y,'G ;*
'G <z,'G ;*
'G <{,'G ;*
'G <|,'G ;*
'G <},'G ;*
'G <~,'G ;*
'G =!,'G ;*
'G =#,'G ;*
'G =$,'G ;*
'G =%,'G ;*
'G =&,'G ;*
'G =','G ;*
'G =(,'G ;*
'G =),'G ;*
'G =*,'G ;*
'G =+,'G ;*
'G =-,'G ;*
'G =.,'G ;*
'G =/,'G ;*
'G =0,'G ;*
'G =1,'G ;*
'G =2,'G ;*
'G =3,'G ;*
'G =4,'G ;*
'G =5,'G ;*
'G =6,'G ;*
'G =7,'G ;*
'G =8,'G ;*
'G =9,'G ;*
'G =:,'G ;*
'G =;,'G ;*
'G =<,'G ;*
'G ==,'G ;*
'G =>,'G ;*
'G =?,'G ;*
'G =@,'G ;*
'G =A,'G ;*
'G =B,'G ;*
'G =C,'G ;*
'G =D,'G ;*
'G =E,'G ;*
'G =F,'G ;*
'G =G,'G ;*
'G =H,'G ;*
'G =I,'G ;*
'G =J,'G ;*
'G =K,'G ;*
'G =L,'G ;*
'G =M,'G ;*
'G =N,'G ;*
'G =O,'G ;*
'G =P,'G ;*
'G =Q,'G ;*
'G =R,'G ;*
'G =S,'G ;*
'G =T,'G ;*
'G =U,'G ;*
'G =V,'G ;*
'G =W,'G ;*
'G =X,'G ;*
'G =Y,'G ;*
'G =Z,'G ;*
'G =[,'G ;*
'G =],'G ;*
'G =^,'G ;*
'G =_,'G ;*
'G =`,'G ;*
'G =a,'G ;*
'G =b,'G ;*
'G =c,'G ;*
'G =d,'G ;*
'G =e,'G ;*
'G =f,'G ;*
'G =g,'G ;*
'G =h,'G ;*
'G =i,'G ;*
'G =j,'G ;*
'G =k,'G ;*
'G =l,'G ;*
'G =m,'G ;*
'G =n,'G ;*
'G =o,'G ;*
'G =p,'G ;*
'G =q,'G ;*
'G =r,'G ;*
'G =s,'G ;*
'G =t,'G ;*
'G =u,'G ;*
'G =v,'G ;*
'G =w,'G ;*
'G =x,'G ;*
'G =y,'G ;*
'G =z,'G ;*
'G ={,'G ;*
'G =|,'G ;*
'G =},'G ;*
'G =~,'G ;*
'G >!,'G ;*
'G >#,'G ;*
'G >$,'G ;*
'G >%,'G ;*
'G >','G >&
'G >(,'G >&
'G >),'G >&
'G >*,'G >&
'G >+,'G >&
'G >-,'G >&
'G >.,'G >&
'G >/,'G >&
'G >0,'G >&
'G >1,'G >&
'G >2,'G >&
'G >3,'G >&
'G >4,'G >&
'G >5,'G >&
'G >6,'G >&
'G >7,'G >&
'G >8,'G >&
'G >9,'G >&
'G >:,'G >&
'G >;,'G >&
'G ><,'G >&
'G >=,'G >&
'G >>,'G >&
'G >?,'G >&
'G >@,'G >&
'G >A,'G >&
'G >B,'G >&
'G >C,'G >&
'G >D,'G >&
'G >E,'G >&
'G >F,'G >&
'G >G,'G >&
'G >H,'G >&
'G >I,'G >&
'G >J,'G >&
'G >K,'G >&
'G >L,'G >&
'G >M,'G >&
'G >N,'G >&
'G >O,'G >&
'G >P,'G >&
'G >Q,'G >&
'G >R,'G >&
'G >S,'G >&
'G >T,'G >&
'G >U,'G >&
'G >V,'G >&
'G >W,'G >&
'G >X,'G >&
'G >Y,'G >&
'G >Z,'G >&
'G >[,'G >&
'G >],'G >&
'G >^,'G >&
'G >_,'G >&
'G >`,'G >&
'G >a,'G >&
'G >b,'G >&
'G >c,'G >&
'G >d,'G >&
'G >e,'G >&
'G >f,'G >&
'G >g,'G >&
'G >h,'G >&
'G >i,'G >&
'G >j,'G >&
'G >k,'G >&
'G >l,'G >&
'G >m,'G >&
'G >n,'G >&
'G >o,'G >&
'G >p,'G >&
'G >q,'G >&
'G >r,'G >&
'G >s,'G >&
'G >t,'G >&
'G >u,'G >&
'G >v,'G >&
'G >w,'G >&
'G >x,'G >&
'G >y,'G >&
'G >z,'G >&
'G >{,'G >&
'G >|,'G >&
'G >},'G >&
'G >~,'G >&
'G ?!,'G >&
'G ?#,'G >&
'G ?$,'G >&
'G ?%,'G >&
'G ?&,'G >&
'G ?','G >&
'G ?(,'G >&
'G ?),'G >&
'G ?*,'G >&
'G ?+,'G >&
'G ?-,'G >&
'G ?.,'G >&
'G ?/,'G >&
'G ?0,'G >&
'G ?1,'G >&
'G ?2,'G >&
'G ?3,'G >&
'G ?4,'G >&
'G ?5,'G >&
'G ?6,'G >&
'G ?7,'G >&
'G ?8,'G >&
'G ?9,'G >&
'G ?:,'G >&
'G ?;,'G >&
'G ?<,'G >&
'G ?=,'G >&
'G ?>,'G >&
'G ??,'G >&
'G ?@,'G >&
'G ?A,'G >&
'G ?B,'G >&
'G ?C,'G >&
'G ?D,'G >&
'G ?E,'G >&
'G ?F,'G >&
'G ?G,'G >&
'G ?H,'G >&
'G ?I,'G >&
'G ?J,'G >&
'G ?K,'G >&
'G ?L,'G >&
'G ?M,'G >&
'G ?N,'G >&
'G ?O,'G >&
'G ?P,'G >&
'G ?Q,'G >&
'G ?R,'G >&
'G ?S,'G >&
'G ?T,'G >&
'G ?U,'G >&
'G ?V,'G >&
'G ?W,'G >&
'G ?X,'G >&
'G ?Y,'G >&
'G ?Z,'G >&
'G ?[,'G >&
'G ?],'G >&
'G ?^,'G >&
'G ?_,'G >&
'G ?`,'G >&
'G ?a,'G >&
'G ?b,'G >&
'G ?c,'G >&
'G ?d,'G >&
'G ?e,'G >&
'G ?f,'G >&
'G ?g,'G >&
'G ?h,'G >&
'G ?i,'G >&
'G ?j,'G >&
'G ?k,'G >&
'G ?l,'G >&
'G ?m,'G >&
'G ?n,'G >&
'G ?o,'G >&
'G ?p,'G >&
'G ?q,'G >&
'G ?r,'G >&
'G ?s,'G >&
'G ?t,'G >&
'G ?u,'G >&
'G ?v,'G >&
'G ?w,'G >&
'G ?x,'G >&
'G ?y,'G >&
'G ?z,'G >&
'G ?{,'G >&
'G ?|,'G >&
'G ?},'G >&
'G ?~,'G >&
'G @!,'G >&
'G @#,'G >&
'G @$,'G >&
'G @%,'G >&
'G @&,'G >&
'G @','G >&
'G @(,'G >&
'G @),'G >&
'G @*,'G >&
'G @+,'G >&
'G @-,'G >&
'G @.,'G >&
'G @/,'G >&
'G @0,'G >&
'G @1,'G >&
'G @2,'G >&
'G @3,'G >&
'G @4,'G >&
'G @5,'G >&
'G @6,'G >&
'G @7,'G >&
'G @8,'G >&
'G @9,'G >&
'G @:,'G >&
'G @;,'G >&
'G @<,'G >&
'G @=,'G >&
'G @>,'G >&
'G @?,'G >&
'G @@,'G >&
'G @A,'G >&
'G @B,'G >&
'G @C,'G >&
'G @D,'G >&
'G @E,'G >&
'G @F,'G >&
'G @G,'G >&
'G @H,'G >&
'G @I,'G >&
'G @J,'G >&
'G @K,'G >&
'G @L,'G >&
'G @M,'G >&
'G @N,'G >&
'G @O,'G >&
'G @P,'G >&
'G @Q,'G >&
'G @R,'G >&
'G @S,'G >&
'G @T,'G >&
'G @U,'G >&
'G @V,'G >&
'G @W,'G >&
'G @X,'G >&
'G @Y,'G >&
'G @Z,'G >&
'G @[,'G >&
'G @],'G >&
'G @^,'G >&
'G @_,'G >&
'G @`,'G >&
'G @a,'G >&
'G @b,'G >&
'G @c,'G >&
'G @d,'G >&
'G @e,'G >&
'G @f,'G >&
'G @g,'G >&
'G @h,'G >&
'G @i,'G >&
'G @j,'G >&
'G @k,'G >&
'G @l,'G >&
'G @m,'G >&
'G @n,'G >&
'G @o,'G >&
'G @p,'G >&
'G @q,'G >&
'G @r,'G >&
'G @s,'G >&
'G @t,'G >&
'G @u,'G >&
'G @v,'G >&
'G @w,'G >&
'G @x,'G >&
'G @y,'G >&
'G @z,'G >&
'G @{,'G >&
'G @|,'G >&
'G @},'G >&
'G @~,'G >&
'G A!,'G >&
'G A#,'G >&
'G A$,'G >&
'G A%,'G >&
'G A&,'G >&
'G A','G >&
'G A(,'G >&
'G A),'G >&
'G A*,'G >&
'G A+,'G >&
'G A-,'G >&
'G A.,'G >&
'G A/,'G >&
'G A0,'G >&
'G A1,'G >&
'G A2,'G >&
'G A3,'G >&
'G A4,'G >&
'G A5,'G >&
'G A6,'G >&
'G A7,'G >&
'G A8,'G >&
'G A9,'G >&
'G A:,'G >&
'G A;,'G >&
'G A<,'G >&
'G A=,'G >&
'G A>,'G >&
'G A?,'G >&
'G A@,'G >&
'G AA,'G >&
'G AB,'G >&
'G AC,'G >&
'G AD,'G >&
'G AE,'G >&
'G AF,'G >&
'G AG,'G >&
'G AH,'G >&
'G AI,'G >&
'G AJ,'G >&
'G AK,'G >&
'G AL,'G >&
'G AM,'G >&
'G AN,'G >&
'G AO,'G >&
'G AP,'G >&
'G AQ,'G >&
'G AR,'G >&
'G AS,'G >&
'G AT,'G >&
'G AU,'G >&
'G AV,'G >&
'G AW,'G >&
'G AX,'G >&
'G AY,'G >&
'G AZ,'G >&
'G A[,'G >&
'G A],'G >&
'G A^,'G >&
'G A_,'G >&
'G A`,'G >&
'G Aa,'G >&
'G Ab,'G >&
'G Ac,'G >&
'G Ad,'G >&
'G Ae,'G >&
'G Af,'G >&
'G Ag,'G >&
'G Ah,'G >&
'G Ai,'G >&
'G Aj,'G >&
'G Ak,'G >&
'G Al,'G >&
'G Am,'G >&
'G An,'G >&
'G Ao,'G >&
'G Ap,'G >&
'G Aq,'G >&
'G Ar,'G >&
'G As,'G >&
'G At,'G >&
'G Au,'G >&
'G Av,'G >&
'G Aw,'G >&
'G Ax,'G >&
'G Ay,'G >&
'G Az,'G >&
'G A{,'G >&
'G A|,'G >&
'G A},'G >&
'G A~,'G >&
'G B!,'G >&
'G B#,'G >&
'G B$,'G >&
'G B%,'G >&
'G B&,'G >&
'G B','G >&
'G B(,'G >&
'G B),'G >&
'G B*,'G >&
'G B+,'G >&
'G B-,'G >&
'G B.,'G >&
'G B/,'G >&
'G B0,'G >&
'G B1,'G >&
'G B2,'G >&
'G B3,'G >&
'G B4,'G >&
'G B5,'G >&
'G B6,'G >&
'G B7,'G >&
'G B8,'G >&
'G B9,'G >&
'G B:,'G >&
'G B;,'G >&
'G B<,'G >&
'G B=,'G >&
'G B>,'G >&
'G B?,'G >&
'G B@,'G >&
'G BA,'G >&
'G BB,'G >&
'G BC,'G >&
'G BD,'G >&
'G BE,'G >&
'G BF,'G >&
'G BG,'G >&
'G BH,'G >&
'G BI,'G >&
'G BJ,'G >&
'G BK,'G >&
'G BL,'G >&
'G BM,'G >&
'G BN,'G >&
'G BO,'G >&
'G BP,'G >&
'G BQ,'G >&
'G BR,'G >&
'G BS,'G >&
'G BT,'G >&
'G BU,'G >&
'G BV,'G >&
'G BW,'G >&
'G BX,'G >&
'G BY,'G >&
'G BZ,'G >&
'G B[,'G >&
'G B],'G >&
'G B^,'G >&
'G B_,'G >&
'G B`,'G >&
'G Ba,'G >&
'G Bb,'G >&
'G Bc,'G >&
'G Bd,'G >&
'G Be,'G >&
'G Bf,'G >&
'G Bg,'G >&
'G Bh,'G >&
'G Bi,'G >&
'G Bj,'G >&
'G Bk,'G >&
'G Bl,'G >&
'G Bm,'G >&
'G Bn,'G >&
'G Bo,'G >&
'G Bp,'G >&
'G Bq,'G >&
'G Br,'G >&
'G Bs,'G >&
'G Bt,'G >&
'G Bu,'G >&
'G Bv,'G >&
'G Bw,'G >&
'G Bx,'G >&
'G By,'G >&
'G Bz,'G >&
'G B{,'G >&
'G B|,'G >&
'G B},'G >&
'G B~,'G >&
'G C!,'G >&
'G C#,'G >&
'G C$,'G >&
'G C%,'G >&
'G C&,'G >&
'G C','G >&
'G C(,'G >&
'G C),'G >&
'G C*,'G >&
'G C+,'G >&
'G C-,'G >&
'G C.,'G >&
'G C/,'G >&
'G C0,'G >&
'G C1,'G >&
'G C2,'G >&
'G C3,'G >&
'G C4,'G >&
'G C5,'G >&
'G C6,'G >&
'G C7,'G >&
'G C8,'G >&
'G C9,'G >&
'G C:,'G >&
'G C;,'G >&
'G C<,'G >&
'G C=,'G >&
'G C>,'G >&
'G C?,'G >&
'G C@,'G >&
'G CA,'G >&
'G CB,'G >&
'G CC,'G >&
'G CD,'G >&
'G CE,'G >&
'G CF,'G >&
'G CG,'G >&
'G CH,'G >&
'G CI,'G >&
'G CJ,'G >&
'G CK,'G >&
'G CL,'G >&
'G CM,'G >&
'G CN,'G >&
'G CO,'G >&
'G CP,'G >&
'G CQ,'G >&
'G CR,'G >&
'G CS,'G >&
'G CT,'G >&
'G CU,'G >&
'G CV,'G >&
'G CW,'G >&
'G CX,'G >&
'G CY,'G >&
'G CZ,'G >&
'G C[,'G >&
'G C],'G >&
'G C^,'G >&
'G C_,'G >&
'G C`,'G >&
'G Ca,'G >&
'G Cb,'G >&
'G Cc,'G >&
'G Cd,'G >&
'G Ce,'G >&
'G Cf,'G >&
'G Cg,'G >&
'G Ch,'G >&
'G Ci,'G >&
'G Cj,'G >&
'G Ck,'G >&
'G Cl,'G >&
'G Cm,'G >&
'G Cn,'G >&
'G Co,'G >&
'G Cp,'G >&
'G Cq,'G >&
'G Cr,'G >&
'G Cs,'G >&
'G Ct,'G >&
'G Cu,'G >&
'G Cv,'G >&
'G Cw,'G >&
'G Cx,'G >&
'G Cy,'G >&
'G Cz,'G >&
'G C{,'G >&
'G C|,'G >&
'G C},'G >&
'G C~,'G >&
'G D!,'G >&
'G D#,'G >&
'G D$,'G >&
'G D%,'G >&
'G D&,'G >&
'G D','G >&
'G D(,'G >&
'G D),'G >&
'G D*,'G >&
'G D+,'G >&
'G D-,'G >&
'G D.,'G >&
'G D/,'G >&
'G D0,'G >&
'G D1,'G >&
'G D2,'G >&
'G D3,'G >&
'G D4,'G >&
'G D5,'G >&
'G D6,'G >&
'G D7,'G >&
'G D8,'G >&
'G D9,'G >&
'G D:,'G >&
'G D;,'G >&
'G D<,'G >&
'G D=,'G >&
'G D>,'G >&
'G D?,'G >&
'G D@,'G >&
'G DA,'G >&
'G DB,'G >&
'G DC,'G >&
'G DD,'G >&
'G DE,'G >&
'G DF,'G >&
'G DG,'G >&
'G DH,'G >&
'G DI,'G >&
'G DJ,'G >&
'G DK,'G >&
'G DL,'G >&
'G DM,'G >&
'G DN,'G >&
'G DO,'G >&
'G DP,'G >&
'G DQ,'G >&
'G DR,'G >&
'G DS,'G >&
'G DT,'G >&
'G DU,'G >&
'G DV,'G >&
'G DW,'G >&
'G DX,'G >&
'G DY,'G >&
'G DZ,'G >&
'G D[,'G >&
'G D],'G >&
'G D^,'G >&
'G D_,'G >&
'G D`,'G >&
'G Da,'G >&
'G Db,'G >&
'G Dc,'G >&
'G Dd,'G >&
'G De,'G >&
'G Df,'G >&
'G Dg,'G >&
'G Dh,'G >&
'G Di,'G >&
'G Dj,'G >&
'G Dk,'G >&
'G Dl,'G >&
'G Dm,'G >&
'G Dn,'G >&
'G Do,'G >&
'G Dp,'G >&
'G Dq,'G >&
'G Dr,'G >&
'G Ds,'G >&
'G Dt,'G >&
'G Du,'G >&
'G Dv,'G >&
'G Dw,'G >&
'G Dx,'G >&
'G Dy,'G >&
'G Dz,'G >&
'G D{,'G >&
'G D|,'G >&
'G D},'G >&
'G D~,'G >&
'G E!,'G >&
'G E#,'G >&
'G E$,'G >&
'G E%,'G >&
'G E&,'G >&
'G E','G >&
'G E(,'G >&
'G E),'G >&
'G E*,'G >&
'G E+,'G >&
'G E-,'G >&
'G E.,'G >&
'G E/,'G >&
'G E0,'G >&
'G E1,'G >&
'G E2,'G >&
'G E3,'G >&
'G E4,'G >&
'G E5,'G >&
'G E6,'G >&
'G E7,'G >&
'G E8,'G >&
'G E9,'G >&
'G E:,'G >&
'G E;,'G >&
'G E<,'G >&
'G E=,'G >&
'G E>,'G >&
'G E?,'G >&
'G E@,'G >&
'G EA,'G >&
'G EB,'G >&
'G EC,'G >&
'G ED,'G >&
'G EE,'G >&
'G EF,'G >&
'G EG,'G >&
'G EH,'G >&
'G EI,'G >&
'G EJ,'G >&
'G EK,'G >&
'G EL,'G >&
'G EM,'G >&
'G EN,'G >&
'G EO,'G >&
'G EP,'G >&
'G EQ,'G >&
'G ER,'G >&
'G ES,'G >&
'G ET,'G >&
'G EU,'G >&
'G EV,'G >&
'G EW,'G >&
'G EX,'G >&
'G EY,'G >&
'G EZ,'G >&
'G E[,'G >&
'G E],'G >&
'G E^,'G >&
'G E_,'G >&
'G E`,'G >&
'G Ea,'G >&
'G Eb,'G >&
'G Ec,'G >&
'G Ed,'G >&
'G Ee,'G >&
'G Ef,'G >&
'G Eg,'G >&
'G Eh,'G >&
'G Ei,'G >&
'G Ej,'G >&
'G Ek,'G >&
'G El,'G >&
'G Em,'G >&
'G En,'G >&
'G Eo,'G >&
'G Ep,'G >&
'G Eq,'G >&
'G Er,'G >&
'G Es,'G >&
'G Et,'G >&
'G Eu,'G >&
'G Ev,'G >&
'G Ew,'G >&
'G Ex,'G >&
'G Ey,'G >&
'G Ez,'G >&
'G E{,'G >&
'G E|,'G >&
'G E},'G >&
'G E~,'G >&
'G F!,'G >&
'G F#,'G >&
'G F$,'G >&
'G F%,'G >&
'G F&,'G >&
'G F','G >&
'G F(,'G >&
'G F),'G >&
'G F*,'G >&
'G F+,'G >&
'G F-,'G >&
'G F.,'G >&
'G F/,'G >&
'G F0,'G >&
'G F1,'G >&
'G F2,'G >&
'G F3,'G >&
'G F4,'G >&
'G F5,'G >&
'G F6,'G >&
'G F7,'G >&
'G F8,'G >&
'G F9,'G >&
'G F:,'G >&
'G F;,'G >&
'G F<,'G >&
'G F=,'G >&
'G F>,'G >&
'G F?,'G >&
'G F@,'G >&
'G FA,'G >&
'G FB,'G >&
'G FC,'G >&
'G FD,'G >&
'G FE,'G >&
'G FF,'G >&
'G FG,'G >&
'G FH,'G >&
'G FI,'G >&
'G FJ,'G >&
'G FK,'G >&
'G FL,'G >&
'G FM,'G >&
'G FN,'G >&
'G FO,'G >&
'G FP,'G >&
'G FQ,'G >&
'G FR,'G >&
'G FS,'G >&
'G FT,'G >&
'G FU,'G >&
'G FV,'G >&
'G FW,'G >&
'G FX,'G >&
'G FY,'G >&
'G FZ,'G >&
'G F[,'G >&
'G F],'G >&
'G F^,'G >&
'G F_,'G >&
'G F`,'G >&
'G Fa,'G >&
'G Fb,'G >&
'G Fc,'G >&
'G Fd,'G >&
'G Fe,'G >&
'G Ff,'G >&
'G Fg,'G >&
'G Fh,'G >&
'G Fi,'G >&
'G Fj,'G >&
'G Fk,'G >&
'G Fl,'G >&
'G Fm,'G >&
'G Fn,'G >&
'G Fo,'G >&
'G Fp,'G >&
'G Fq,'G >&
'G Fr,'G >&
'G Fs,'G >&
'G Ft,'G >&
'G Fu,'G >&
'G Fv,'G >&
'G Fw,'G >&
'G Fx,'G >&
'G Fy,'G >&
'G Fz,'G >&
'G F{,'G >&
'G F|,'G >&
'G F},'G >&
'G F~,'G >&
'G G!,'G >&
'G G#,'G >&
'G G$,'G >&
'G G%,'G >&
'G G&,'G >&
'G G','G >&
'G G(,'G >&
'G G),'G >&
'G G*,'G >&
'G G+,'G >&
'G G-,'G >&
'G G.,'G >&
'G G/,'G >&
'G G0,'G >&
'G G1,'G >&
'G G2,'G >&
'G G3,'G >&
'G G4,'G >&
'G G5,'G >&
'G G6,'G >&
'G G7,'G >&
'G G8,'G >&
'G G9,'G >&
'G G:,'G >&
'G G;,'G >&
'G G<,'G >&
'G G=,'G >&
'G G>,'G >&
'G G?,'G >&
'G G@,'G >&
'G GA,'G >&
'G GB,'G >&
'G GC,'G >&
'G GD,'G >&
'G GE,'G >&
'G GF,'G >&
'G GG,'G >&
'G GH,'G >&
'G GI,'G >&
'G GJ,'G >&
'G GK,'G >&
'G GL,'G >&
'G GM,'G >&
'G GN,'G >&
'G GO,'G >&
'G GP,'G >&
'G GQ,'G >&
'G GR,'G >&
'G GS,'G >&
'G GT,'G >&
'G GU,'G >&
'G GV,'G >&
'G GW,'G >&
'G GX,'G >&
'G GY,'G >&
'G GZ,'G >&
'G G[,'G >&
'G G],'G >&
'G G^,'G >&
'G G_,'G >&
'G G`,'G >&
'G Ga,'G >&
'G Gb,'G >&
'G Gc,'G >&
'G Gd,'G >&
'G Ge,'G >&
'G Gf,'G >&
'G Gg,'G >&
'G Gh,'G >&
'G Gi,'G >&
'G Gj,'G >&
'G Gk,'G >&
'G Gl,'G >&
'G Gm,'G >&
'G Gn,'G >&
'G Go,'G >&
'G Gp,'G >&
'G Gq,'G >&
'G Gr,'G >&
'G Gs,'G >&
'G Gt,'G >&
'G Gu,'G >&
'G Gv,'G >&
'G Gw,'G >&
'G Gx,'G >&
'G Gy,'G >&
'G Gz,'G >&
'G G{,'G >&
'G G|,'G >&
'G G},'G >&
'G G~,'G >&
'G H!,'G >&
'G H#,'G >&
'G H$,'G >&
'G H%,'G >&
'G H&,'G >&
'G H','G >&
'G H(,'G >&
'G H),'G >&
'G H*,'G >&
'G H+,'G >&
'G H-,'G >&
'G H.,'G >&
'G H/,'G >&
'G H0,'G >&
'G H1,'G >&
'G H2,'G >&
'G H3,'G >&
'G H4,'G >&
'G H5,'G >&
'G H6,'G >&
'G H7,'G >&
'G H8,'G >&
'G H9,'G >&
'G H:,'G >&
'G H;,'G >&
'G H<,'G >&
'G H=,'G >&
'G H>,'G >&
'G H?,'G >&
'G H@,'G >&
'G HA,'G >&
'G HB,'G >&
'G HC,'G >&
'G HD,'G >&
'G HE,'G >&
'G HF,'G >&
'G HG,'G >&
'G HH,'G >&
'G HI,'G >&
'G HJ,'G >&
'G HK,'G >&
'G HL,'G >&
'G HM,'G >&
'G HN,'G >&
'G HO,'G >&
'G HP,'G >&
'G HQ,'G >&
'G HR,'G >&
'G HS,'G >&
'G HT,'G >&
'G HU,'G >&
'G HV,'G >&
'G HW,'G >&
'G HX,'G >&
'G HY,'G >&
'G HZ,'G >&
'G H[,'G >&
'G H],'G >&
'G H^,'G >&
'G H_,'G >&
'G H`,'G >&
'G Ha,'G >&
'G Hb,'G >&
'G Hc,'G >&
'G Hd,'G >&
'G He,'G >&
'G Hf,'G >&
'G Hg,'G >&
'G Hh,'G >&
'G Hi,'G >&
'G Hj,'G >&
'G Hk,'G >&
'G Hl,'G >&
'G Hm,'G >&
'G Hn,'G >&
'G Ho,'G >&
'G Hp,'G >&
'G Hq,'G >&
'G Hr,'G >&
'G Hs,'G >&
'G Ht,'G >&
'G Hu,'G >&
'G Hv,'G >&
'G Hw,'G >&
'G Hx,'G >&
'G Hy,'G >&
'G Hz,'G >&
'G H{,'G >&
'G H|,'G >&
'G H},'G >&
'G H~,'G >&
'G I!,'G >&
'G I#,'G >&
'G I$,'G >&
'G I%,'G >&
'G I&,'G >&
'G I','G >&
'G I(,'G >&
'G I),'G >&
'G I*,'G >&
'G I+,'G >&
'G I-,'G >&
'G I.,'G >&
'G I/,'G >&
'G I0,'G >&
'G I1,'G >&
'G I2,'G >&
'G I3,'G >&
'G I4,'G >&
'G I5,'G >&
'G I6,'G >&
'G I7,'G >&
'G I8,'G >&
'G I9,'G >&
'G I:,'G >&
'G I;,'G >&
'G I<,'G >&
'G I=,'G >&
'G I>,'G >&
'G I?,'G >&
'G I@,'G >&
'G IA,'G >&
'G IB,'G >&
'G IC,'G >&
'G ID,'G >&
'G IE,'G >&
'G IF,'G >&
'G IG,'G >&
'G IH,'G >&
'G II,'G >&
'G IJ,'G >&
'G IK,'G >&
'G IL,'G >&
'G IM,'G >&
'G IN,'G >&
'G IO,'G >&
'G IP,'G >&
'G IQ,'G >&
'G IR,'G >&
'G IS,'G >&
'G IT,'G >&
'G IU,'G >&
'G IV,'G >&
'G IW,'G >&
'G IX,'G >&
'G IY,'G >&
'G IZ,'G >&
'G I[,'G >&
'G I],'G >&
'G I^,'G >&
'G I_,'G >&
'G I`,'G >&
'G Ia,'G >&
'G Ib,'G >&
'G Ic,'G >&
'G Id,'G >&
'G Ie,'G >&
'G If,'G >&
'G Ig,'G >&
'G Ih,'G >&
'G Ii,'G >&
'G Ij,'G >&
'G Ik,'G >&
'G Il,'G >&
'G Im,'G >&
'G In,'G >&
'G Io,'G >&
'G Ip,'G >&
'G Iq,'G >&
'G Ir,'G >&
'G Is,'G >&
'G It,'G >&
'G Iu,'G >&
'G Iv,'G >&
'G Iw,'G >&
'G Ix,'G >&
'G Iy,'G >&
'G Iz,'G >&
'G I{,'G >&
'G I|,'G >&
'G I},'G >&
'G I~,'G >&
'G J!,'G >&
'G J#,'G >&
'G J$,'G >&
'G J%,'G >&
'G J&,'G >&
'G J','G >&
'G J(,'G >&
'G J),'G >&
'G J*,'G >&
'G J+,'G >&
'G J-,'G >&
'G J.,'G >&
'G J/,'G >&
'G J0,'G >&
'G J1,'G >&
'G J2,'G >&
'G J3,'G >&
'G J4,'G >&
'G J5,'G >&
'G J6,'G >&
'G J7,'G >&
'G J8,'G >&
'G J9,'G >&
'G J:,'G >&
'G J;,'G >&
'G J<,'G >&
'G J=,'G >&
'G J>,'G >&
'G J?,'G >&
'G J@,'G >&
'G JA,'G >&
'G JB,'G >&
'G JC,'G >&
'G JD,'G >&
'G JE,'G >&
'G JF,'G >&
'G JG,'G >&
'G JH,'G >&
'G JI,'G >&
'G JJ,'G >&
'G JK,'G >&
'G JL,'G >&
'G JM,'G >&
'G JN,'G >&
'G JO,'G >&
'G JP,'G >&
'G JQ,'G >&
'G JR,'G >&
'G JS,'G >&
'G JT,'G >&
'G JU,'G >&
'G JV,'G >&
'G JW,'G >&
'G JX,'G >&
'G JY,'G >&
'G JZ,'G >&
'G J[,'G >&
'G J],'G >&
'G J^,'G >&
'G J_,'G >&
'G J`,'G >&
'G Ja,'G >&
'G Jb,'G >&
'G Jc,'G >&
'G Jd,'G >&
'G Je,'G >&
'G Jf,'G >&
'G Jg,'G >&
'G Jh,'G >&
'G Ji,'G >&
'G Jj,'G >&
'G Jk,'G >&
'G Jl,'G >&
'G Jm,'G >&
'G Jn,'G >&
'G Jo,'G >&
'G Jp,'G >&
'G Jq,'G >&
'G Jr,'G >&
'G Js,'G >&
'G Jt,'G >&
'G Ju,'G >&
'G Jv,'G >&
'G Jw,'G >&
'G Jx,'G >&
'G Jy,'G >&
'G Jz,'G >&
'G J{,'G >&
'G J|,'G >&
'G J},'G >&
'G J~,'G >&
'G K!,'G >&
'G K#,'G >&
'G K$,'G >&
'G K%,'G >&
'G K&,'G >&
'G K','G >&
'G K(,'G >&
'G K),'G >&
'G K*,'G >&
'G K+,'G >&
'G K-,'G >&
'G K.,'G >&
'G K/,'G >&
'G K0,'G >&
'G K1,'G >&
'G K2,'G >&
'G K3,'G >&
'G K4,'G >&
'G K5,'G >&
'G K6,'G >&
'G K7,'G >&
'G K8,'G >&
'G K9,'G >&
'G K:,'G >&
'G K;,'G >&
'G K<,'G >&
'G K=,'G >&
'G K>,'G >&
'G K?,'G >&
'G K@,'G >&
'G KA,'G >&
'G KB,'G >&
'G KC,'G >&
'G KD,'G >&
'G KE,'G >&
'G KF,'G >&
'G KG,'G >&
'G KH,'G >&
'G KI,'G >&
'G KJ,'G >&
'G KK,'G >&
'G KL,'G >&
'G KM,'G >&
'G KN,'G >&
'G KO,'G >&
'G KP,'G >&
'G KQ,'G >&
'G KR,'G >&
'G KS,'G >&
'G KT,'G >&
'G KU,'G >&
'G KV,'G >&
'G KW,'G >&
'G KX,'G >&
'G KY,'G >&
'G KZ,'G >&
'G K[,'G >&
'G K],'G >&
'G K^,'G >&
'G K_,'G >&
'G K`,'G >&
'G Ka,'G >&
'G Kb,'G >&
'G Kc,'G >&
'G Kd,'G >&
'G Ke,'G >&
'G Kf,'G >&
'G Kg,'G >&
'G Kh,'G >&
'G Ki,'G >&
'G Kj,'G >&
'G Kk,'G >&
'G Kl,'G >&
'G Km,'G >&
'G Kn,'G >&
'G Ko,'G >&
'G Kp,'G >&
'G Kq,'G >&
'G Kr,'G >&
'G Ks,'G >&
'G Kt,'G >&
'G Ku,'G >&
'G Kv,'G >&
'G Kw,'G >&
'G Kx,'G >&
'G Ky,'G >&
'G Kz,'G >&
'G K{,'G >&
'G K|,'G >&
'G K},'G >&
'G K~,'G >&
'G L!,'G >&
'G L#,'G >&
'G L$,'G >&
'G L%,'G >&
'G L&,'G >&
'G L','G >&
'G L(,'G >&
'G L),'G >&
'G L*,'G >&
'G L+,'G >&
'G L-,'G >&
'G L.,'G >&
'G L/,'G >&
'G L0,'G >&
'G L1,'G >&
'G L2,'G >&
'G L3,'G >&
'G L4,'G >&
'G L5,'G >&
'G L6,'G >&
'G L7,'G >&
'G L8,'G >&
'G L9,'G >&
'G L:,'G >&
'G L;,'G >&
'G L<,'G >&
'G L=,'G >&
'G L>,'G >&
'G L?,'G >&
'G L@,'G >&
'G LA,'G >&
'G LB,'G >&
'G LC,'G >&
'G LD,'G >&
'G LE,'G >&
'G LF,'G >&
'G LG,'G >&
'G LH,'G >&
'G LI,'G >&
'G LJ,'G >&
'G LK,'G >&
'G LL,'G >&
'G LM,'G >&
'G LN,'G >&
'G LO,'G >&
'G LP,'G >&
'G LQ,'G >&
'G LR,'G >&
'G LS,'G >&
'G LT,'G >&
'G LU,'G >&
'G LV,'G >&
'G LW,'G >&
'G LX,'G >&
'G LY,'G >&
'G LZ,'G >&
'G L[,'G >&
'G L],'G >&
'G L^,'G >&
'G L_,'G >&
'G L`,'G >&
'G La,'G >&
'G Lb,'G >&
'G Lc,'G >&
'G Ld,'G >&
'G Le,'G >&
'G Lf,'G >&
'G Lg,'G >&
'G Lh,'G >&
'G Li,'G >&
'G Lj,'G >&
'G Lk,'G >&
'G Ll,'G >&
'G Lm,'G >&
'G Ln,'G >&
'G Lo,'G >&
'G Lp,'G >&
'G Lq,'G >&
'G Lr,'G >&
'G Ls,'G >&
'G Lt,'G >&
'G Lu,'G >&
'G Lv,'G >&
'G Lw,'G >&
'G Lx,'G >&
'G Ly,'G >&
'G Lz,'G >&
'G L{,'G >&
'G L|,'G >&
'G L},'G >&
'G L~,'G >&
'G M!,'G >&
'G M#,'G >&
'G M$,'G >&
'G M%,'G >&
'G M&,'G >&
'G M','G >&
'G M(,'G >&
'G M),'G >&
'G M*,'G >&
'G M+,'G >&
'G M-,'G >&
'G M.,'G >&
'G M/,'G >&
'G M0,'G >&
'G M1,'G >&
'G M2,'G >&
'G M3,'G >&
'G M4,'G >&
'G M5,'G >&
'G M6,'G >&
'G M7,'G >&
'G M8,'G >&
'G M9,'G >&
'G M:,'G >&
'G M;,'G >&
'G M<,'G >&
'G M=,'G >&
'G M>,'G >&
'G M?,'G >&
'G M@,'G >&
'G MA,'G >&
'G MB,'G >&
'G MC,'G >&
'G MD,'G >&
'G ME,'G >&
'G MF,'G >&
'G MG,'G >&
'G MH,'G >&
'G MI,'G >&
'G MJ,'G >&
'G MK,'G >&
'G ML,'G >&
'G MM,'G >&
'G MN,'G >&
'G MO,'G >&
'G MP,'G >&
'G MQ,'G >&
'G MR,'G >&
'G MS,'G >&
'G MT,'G >&
'G MU,'G >&
'G MV,'G >&
'G MW,'G >&
'G MX,'G >&
'G MY,'G >&
'G MZ,'G >&
'G M[,'G >&
'G M],'G >&
'G M^,'G >&
'G M_,'G >&
'G M`,'G >&
'G Ma,'G >&
'G Mb,'G >&
'G Mc,'G >&
'G Md,'G >&
'G Me,'G >&
'G Mf,'G >&
'G Mg,'G >&
'G Mh,'G >&
'G Mi,'G >&
'G Mj,'G >&
'G Mk,'G >&
'G Ml,'G >&
'G Mm,'G >&
'G Mn,'G >&
'G Mo,'G >&
'G Mp,'G >&
'G Mq,'G >&
'G Mr,'G >&
'G Ms,'G >&
'G Mt,'G >&
'G Mu,'G >&
'G Mv,'G >&
'G Mw,'G >&
'G Mx,'G >&
'G My,'G >&
'G Mz,'G >&
'G M{,'G >&
'G M|,'G >&
'G M},'G >&
'G M~,'G >&
'G N!,'G >&
'G N#,'G >&
'G N$,'G >&
'G N%,'G >&
'G N&,'G >&
'G N','G >&
'G N(,'G >&
'G N),'G >&
'G N*,'G >&
'G N+,'G >&
'G N-,'G >&
'G N.,'G >&
'G N/,'G >&
'G N0,'G >&
'G N1,'G >&
'G N2,'G >&
'G N3,'G >&
'G N4,'G >&
'G N5,'G >&
'G N6,'G >&
'G N7,'G >&
'G N8,'G >&
'G N9,'G >&
'G N:,'G >&
'G N;,'G >&
'G N<,'G >&
'G N=,'G >&
'G N>,'G >&
'G N?,'G >&
'G N@,'G >&
'G NA,'G >&
'G NB,'G >&
'G NC,'G >&
'G ND,'G >&
'G NE,'G >&
'G NF,'G >&
'G NG,'G >&
'G NH,'G >&
'G NI,'G >&
'G NJ,'G >&
'G NL,'G NK
'G NM,'G NK
'G NN,'G NK
'G NO,'G NK
'G NP,'G NK
'G NQ,'G NK
'G NR,'G NK
'G NS,'G NK
'G NT,'G NK
'G NU,'G NK
'G NV,'G NK
'G NW,'G NK
'G NX,'G NK
'G NY,'G NK
'G NZ,'G NK
'G N[,'G NK
'G N],'G NK
'G N^,'G NK
'G N_,'G NK
'G N`,'G NK
'G Na,'G NK
'G Nb,'G NK
'G Nc,'G NK
'G Nd,'G NK
'G Ne,'G NK
'G Nf,'G NK
'G Ng,'G NK
'G Nh,'G NK
'G Ni,'G NK
'G Nj,'G NK
'G Nk,'G NK
'G Nl,'G NK
'G Nm,'G NK
'G Nn,'G NK
'G No,'G NK
'G Np,'G NK
'G Nq,'G NK
'G Nr,'G NK
'G Ns,'G NK
'G Nt,'G NK
'G Nu,'G NK
'G Nv,'G NK
'G Nw,'G NK
'G Nx,'G NK
'G Ny,'G NK
'G Nz,'G NK
'G N{,'G NK
'G N|,'G NK
'G N},'G NK
'G N~,'G NK
'G O!,'G NK
'G O#,'G NK
'G O$,'G NK
'G O%,'G NK
'G O&,'G NK
'G O','G NK
'G O(,'G NK
'G O),'G NK
'G O*,'G NK
'G O+,'G NK
'G O-,'G NK
'G O.,'G NK
'G O/,'G NK
'G O0,'G NK
'G O1,'G NK
'G O2,'G NK
'G O3,'G NK
'G O4,'G NK
'G O5,'G NK
'G O6,'G NK
'G O7,'G NK
'G O8,'G NK
'G O9,'G NK
'G O:,'G NK
'G O;,'G NK
'G O<,'G NK
'G O=,'G NK
'G O?,'G O>
'G O@,'G O>
'G OA,'G O>
'G OB,'G O>
'G OC,'G O>
'G OD,'G O>
'G OE,'G O>
'G OF,'G O>
'G OG,'G O>
'G OH,'G O>
'G OI,'G O>
'G OJ,'G O>
'G OK,'G O>
'G OL,'G O>
'G OM,'G O>
'G ON,'G O>
'G OO,'G O>
'G OP,'G O>
'G OQ,'G O>
'G OR,'G O>
'G OS,'G O>
'G OT,'G O>
'G OU,'G O>
'G OV,'G O>
'G OW,'G O>
'G OX,'G O>
'G OY,'G O>
'G OZ,'G O>
'G O[,'G O>
'G O],'G O>
'G O^,'G O>
'G O_,'G O>
'G O`,'G O>
'G Ob,'G Oa
'G Oc,'G Oa
'G Od,'G Oa
'G Oe,'G Oa
'G Of,'G Oa
'G Og,'G Oa
'G Oh,'G Oa
'G Oi,'G Oa
'G Oj,'G Oa
'G Ok,'G Oa
'G Ol,'G Oa
'G Om,'G Oa
'G On,'G Oa
'G Oo,'G Oa
'G Op,'G Oa
'G Oq,'G Oa
'G Or,'G Oa
'G Os,'G Oa
'G Ot,'G Oa
'G Ou,'G Oa
'G Ov,'G Oa
'G Ow,'G Oa
'G Ox,'G Oa
'G Oy,'G Oa
'G Oz,'G Oa
'G O{,'G Oa
'G O|,'G Oa
'G O},'G Oa
'G O~,'G Oa
'G P!,'G Oa
'G P#,'G Oa
'G P$,'G Oa
'G P%,'G Oa
'G P&,'G Oa
'G P','G Oa
'G P(,'G Oa
'G P),'G Oa
'G P*,'G Oa
'G P+,'G Oa
'G P-,'G Oa
'G P.,'G Oa
'G P/,'G Oa
'G P0,'G Oa
'G P1,'G Oa
'G P2,'G Oa
'G P3,'G Oa
'G P4,'G Oa
'G P5,'G Oa
'G P6,'G Oa
'G P7,'G Oa
'G P8,'G Oa
'G P9,'G Oa
'G P:,'G Oa
'G P;,'G Oa
'G P<,'G Oa
'G P=,'G Oa
'G P>,'G Oa
'G P?,'G Oa
'G P@,'G Oa
'G PA,'G Oa
'G PB,'G Oa
'G PC,'G Oa
'G PD,'G Oa
'G PE,'G Oa
'G PF,'G Oa
'G PG,'G Oa
'G PH,'G Oa
'G PI,'G Oa
'G PJ,'G Oa
'G PK,'G Oa
'G PL,'G Oa
'G PM,'G Oa
'G PN,'G Oa
'G PO,'G Oa
'G PP,'G Oa
'G PQ,'G Oa
'G PR,'G Oa
'G PS,'G Oa
'G PT,'G Oa
'G PU,'G Oa
'G PV,'G Oa
'G PW,'G Oa
'G PX,'G Oa
'G PY,'G Oa
'G PZ,'G Oa
'G P[,'G Oa
'G P],'G Oa
'G P^,'G Oa
'G P_,'G Oa
'G P`,'G Oa
'G Pa,'G Oa
'G Pb,'G Oa
'G Pc,'G Oa
'G Pd,'G Oa
'G Pe,'G Oa
'G Pf,'G Oa
'G Pg,'G Oa
'G Ph,'G Oa
'G Pi,'G Oa
'G Pj,'G Oa
'G Pk,'G Oa
'G Pl,'G Oa
'G Pm,'G Oa
'G Pn,'G Oa
'G Po,'G Oa
'G Pp,'G Oa
'G Pq,'G Oa
'G Pr,'G Oa
'G Ps,'G Oa
'G Pt,'G Oa
'G Pu,'G Oa
'G Pv,'G Oa
'G Pw,'G Oa
'G Px,'G Oa
'G Py,'G Oa
'G Pz,'G Oa
'G P{,'G Oa
'G P|,'G Oa
'G P},'G Oa
'G P~,'G Oa
'G Q!,'G Oa
'G Q#,'G Oa
'G Q$,'G Oa
'G Q%,'G Oa
'G Q&,'G Oa
'G Q','G Oa
'G Q(,'G Oa
'G Q),'G Oa
'G Q*,'G Oa
'G Q+,'G Oa
'G Q-,'G Oa
'G Q.,'G Oa
'G Q/,'G Oa
'G Q0,'G Oa
'G Q1,'G Oa
'G Q2,'G Oa
'G Q3,'G Oa
'G Q4,'G Oa
'G Q5,'G Oa
'G Q6,'G Oa
'G Q7,'G Oa
'G Q8,'G Oa
'G Q9,'G Oa
'G Q:,'G Oa
'G Q;,'G Oa
'G Q<,'G Oa
'G Q=,'G Oa
'G Q>,'G Oa
'G Q?,'G Oa
'G Q@,'G Oa
'G QA,'G Oa
'G QB,'G Oa
'G QC,'G Oa
'G QD,'G Oa
'G QE,'G Oa
'G QF,'G Oa
'G QG,'G Oa
'G QH,'G Oa
'G QI,'G Oa
'G QJ,'G Oa
'G QK,'G Oa
'G QL,'G Oa
'G QM,'G Oa
'G QN,'G Oa
'G QO,'G Oa
'G QP,'G Oa
'G QQ,'G Oa
'G QR,'G Oa
'G QS,'G Oa
'G QT,'G Oa
'G QU,'G Oa
'G QV,'G Oa
'G QW,'G Oa
'G QX,'G Oa
'G QY,'G Oa
'G QZ,'G Oa
'G Q[,'G Oa
'G Q],'G Oa
'G Q^,'G Oa
'G Q_,'G Oa
'G Q`,'G Oa
'G Qa,'G Oa
'G Qb,'G Oa
'G Qc,'G Oa
'G Qd,'G Oa
'G Qe,'G Oa
'G Qf,'G Oa
'G Qg,'G Oa
'G Qh,'G Oa
'G Qi,'G Oa
'G Qj,'G Oa
'G Qk,'G Oa
'G Ql,'G Oa
'G Qm,'G Oa
'G Qn,'G Oa
'G Qo,'G Oa
'G Qp,'G Oa
'G Qq,'G Oa
'G Qr,'G Oa
'G Qs,'G Oa
'G Qt,'G Oa
'G Qu,'G Oa
'G Qw,'G Qv
'G Qx,'G Qv
'G Qy,'G Qv
'G Qz,'G Qv
'G Q{,'G Qv
'G Q|,'G Qv
'G Q},'G Qv
'G Q~,'G Qv
'G R!,'G Qv
'G R#,'G Qv
'G R$,'G Qv
'G R%,'G Qv
'G R&,'G Qv
'G R(,'G R'
'G R),'G R'
'G R*,'G R'
'G R+,'G R'
'G R-,'G R'
'G R.,'G R'
'G R/,'G R'
'G R0,'G R'
'G R1,'G R'
'G R2,'G R'
'G R3,'G R'
'G R5,'G R4
'G R6,'G R4
'G R7,'G R4
'G R8,'G R4
'G R9,'G R4
'G R:,'G R4
'G R;,'G R4
'G R<,'G R4
'G R=,'G R4
'G R>,'G R4
'G R?,'G R4
'G R@,'G R4
'G RA,'G R4
'G RB,'G R4
'G RC,'G R4
'G RD,'G R4
'G RE,'G R4
'G RF,'G R4
'G RG,'G R4
'G RH,'G R4
'G RI,'G R4
'G RJ,'G R4
'G RK,'G R4
'G RL,'G R4
'G RM,'G R4
'G RN,'G R4
'G RO,'G R4
'G RP,'G R4
'G RQ,'G R4
'G RR,'G R4
'G RS,'G R4
'G RT,'G R4
'G RU,'G R4
'G RV,'G R4
'G RW,'G R4
'G RX,'G R4
'G RY,'G R4
'G RZ,'G R4
'G R[,'G R4
'G R],'G R4
'G R^,'G R4
'G R_,'G R4
'G R`,'G R4
'G Ra,'G R4
'G Rb,'G R4
'G Rc,'G R4
'G Rd,'G R4
'G Re,'G R4
'G Rf,'G R4
'G Rg,'G R4
'G Rh,'G R4
'G Ri,'G R4
'G Rj,'G R4
'G Rk,'G R4
'G Rl,'G R4
'G Rm,'G R4
'G Rn,'G R4
'G Ro,'G R4
'G Rp,'G R4
'G Rq,'G R4
'G Rr,'G R4
'G Rs,'G R4
'G Rt,'G R4
'G Ru,'G R4
'G Rv,'G R4
'G Rw,'G R4
'G Rx,'G R4
'G Ry,'G R4
'G Rz,'G R4
'G R{,'G R4
'G R|,'G R4
'G R},'G R4
'G R~,'G R4
'G S!,'G R4
'G S#,'G R4
'G S$,'G R4
'G S%,'G R4
'G S&,'G R4
'G S','G R4
'G S(,'G R4
'G S),'G R4
'G S*,'G R4
'G S+,'G R4
'G S-,'G R4
'G S.,'G R4
'G S/,'G R4
'G S0,'G R4
'G S1,'G R4
'G S2,'G R4
'G S3,'G R4
'G S4,'G R4
'G S5,'G R4
'G S6,'G R4
'G S7,'G R4
'G S8,'G R4
'G S9,'G R4
'G S:,'G R4
'G S;,'G R4
'G S<,'G R4
'G S=,'G R4
'G S>,'G R4
'G S?,'G R4
'G S@,'G R4
'G SA,'G R4
'G SB,'G R4
'G SC,'G R4
'G SD,'G R4
'G SE,'G R4
'G SF,'G R4
'G SG,'G R4
'G SH,'G R4
'G SI,'G R4
'G SJ,'G R4
'G SK,'G R4
'G SL,'G R4
'G SM,'G R4
'G SN,'G R4
'G SO,'G R4
'G SP,'G R4
'G SQ,'G R4
'G SR,'G R4
'G SS,'G R4
'G ST,'G R4
'G SU,'G R4
'G SV,'G R4
'G SW,'G R4
'G SX,'G R4
'G SY,'G R4
'G SZ,'G R4
'G S[,'G R4
'G S],'G R4
'G S^,'G R4
'G S_,'G R4
'G S`,'G R4
'G Sa,'G R4
'G Sb,'G R4
'G Sc,'G R4
'G Sd,'G R4
'G Se,'G R4
'G Sf,'G R4
'G Sg,'G R4
'G Sh,'G R4
'G Si,'G R4
'G Sj,'G R4
'G Sk,'G R4
'G Sl,'G R4
'G Sm,'G R4
'G Sn,'G R4
'G So,'G R4
'G Sp,'G R4
'G Sq,'G R4
'G Sr,'G R4
'G Ss,'G R4
'G St,'G R4
'G Su,'G R4
'G Sv,'G R4
'G Sw,'G R4
'G Sx,'G R4
'G Sy,'G R4
'G Sz,'G R4
'G S{,'G R4
'G S|,'G R4
'G S},'G R4
'G S~,'G R4
'G T#,'G T!
'G T$,'G T!
'G T%,'G T!
'G T&,'G T!
'G T','G T!
'G T(,'G T!
'G T),'G T!
'G T*,'G T!
'G T+,'G T!
'G T-,'G T!
'G T.,'G T!
'G T/,'G T!
'G T0,'G T!
'G T1,'G T!
'G T2,'G T!
'G T3,'G T!
'G T4,'G T!
'G T5,'G T!
'G T6,'G T!
'G T7,'G T!
'G T8,'G T!
'G T9,'G T!
'G T:,'G T!
'G T;,'G T!
'G T<,'G T!
'G T=,'G T!
'G T>,'G T!
'G T?,'G T!
'G T@,'G T!
'G TA,'G T!
'G TB,'G T!
'G TC,'G T!
'G TD,'G T!
'G TE,'G T!
'G TG,'G TF
'G TH,'G TF
'G TI,'G TF
'G TJ,'G TF
'G TK,'G TF
'G TL,'G TF
'G TM,'G TF
'G TN,'G TF
'G TO,'G TF
'G TP,'G TF
'G TQ,'G TF
'G TR,'G TF
'G TS,'G TF
'G TT,'G TF
'G TU,'G TF
'G TV,'G TF
'G TW,'G TF
'G TX,'G TF
'G TY,'G TF
'G TZ,'G TF
'G T[,'G TF
'G T],'G TF
'G T^,'G TF
'G T_,'G TF
'G T`,'G TF
'G Ta,'G TF
'G Tb,'G TF
'G Tc,'G TF
'G Td,'G TF
'G Te,'G TF
'G Tf,'G TF
'G Tg,'G TF
'G Th,'G TF
'G Ti,'G TF
'G Tj,'G TF
'G Tk,'G TF
'G Tm,'G Tl
'G To,'G Tn
'G Tp,'G Tn
'G Tq,'G Tn
'G Tr,'G Tn
'G Ts,'G Tn
'G Tt,'G Tn
'G Tu,'G Tn
'G Tv,'G Tn
'G Tw,'G Tn
'G Tx,'G Tn
'G Ty,'G Tn
'G Tz,'G Tn
'G T{,'G Tn
'G T|,'G Tn
'G T},'G Tn
'G T~,'G Tn
'G U!,'G Tn
'G U#,'G Tn
'G U$,'G Tn
'G U%,'G Tn
'G U&,'G Tn
'G U','G Tn
'G U(,'G Tn
'G U),'G Tn
'G U*,'G Tn
'G U+,'G Tn
'G U-,'G Tn
'G U.,'G Tn
'G U/,'G Tn
'G U0,'G Tn
'G U1,'G Tn
'G U2,'G Tn
'G U3,'G Tn
'G U4,'G Tn
'G U5,'G Tn
'G U6,'G Tn
'G U7,'G Tn
'G U8,'G Tn
'G U9,'G Tn
'G U:,'G Tn
'G U;,'G Tn
'G U<,'G Tn
'G U=,'G Tn
'G U>,'G Tn
'G U?,'G Tn
'G U@,'G Tn
'G UA,'G Tn
'G UB,'G Tn
'G UC,'G Tn
'G UD,'G Tn
'G UE,'G Tn
'G UF,'G Tn
'G UG,'G Tn
'G UH,'G Tn
'G UI,'G Tn
'G UJ,'G Tn
'G UK,'G Tn
'G UL,'G Tn
'G UM,'G Tn
'G UN,'G Tn
'G UO,'G Tn
'G UP,'G Tn
'G UQ,'G Tn
'G UR,'G Tn
'G US,'G Tn
'G UT,'G Tn
'G UU,'G Tn
'G UV,'G Tn
'G UW,'G Tn
'G UX,'G Tn
'G UY,'G Tn
'G UZ,'G Tn
'G U[,'G Tn
'G U],'G Tn
'G U^,'G Tn
'G U_,'G Tn
'G U`,'G Tn
'G Ua,'G Tn
'G Ub,'G Tn
'G Uc,'G Tn
'G Ud,'G Tn
'G Ue,'G Tn
'G Uf,'G Tn
'G Ug,'G Tn
'G Uh,'G Tn
'G Ui,'G Tn
'G Uj,'G Tn
'G Uk,'G Tn
'G Ul,'G Tn
'G Um,'G Tn
'G Un,'G Tn
'G Uo,'G Tn
'G Up,'G Tn
'G Uq,'G Tn
'G Ur,'G Tn
'G Us,'G Tn
'G Ut,'G Tn
'G Uu,'G Tn
'G Uv,'G Tn
'G Uw,'G Tn
'G Ux,'G Tn
'G Uy,'G Tn
'G Uz,'G Tn
'G U{,'G Tn
'G U|,'G Tn
'G U},'G Tn
'G U~,'G Tn
'G V!,'G Tn
'G V#,'G Tn
'G V$,'G Tn
'G V%,'G Tn
'G V&,'G Tn
'G V','G Tn
'G V(,'G Tn
'G V),'G Tn
'G V*,'G Tn
'G V+,'G Tn
'G V-,'G Tn
'G V.,'G Tn
'G V/,'G Tn
'G V0,'G Tn
'G V1,'G Tn
'G V2,'G Tn
'G V3,'G Tn
'G V4,'G Tn
'G V5,'G Tn
'G V6,'G Tn
'G V7,'G Tn
'G V8,'G Tn
'G V9,'G Tn
'G V:,'G Tn
'G V;,'G Tn
'G V<,'G Tn
'G V=,'G Tn
'G V>,'G Tn
'G V?,'G Tn
'G V@,'G Tn
'G VA,'G Tn
'G VB,'G Tn
'G VC,'G Tn
'G VD,'G Tn
'G VE,'G Tn
'G VF,'G Tn
'G VG,'G Tn
'G VH,'G Tn
'G VI,'G Tn
'G VJ,'G Tn
'G VK,'G Tn
'G VL,'G Tn
'G VM,'G Tn
'G VN,'G Tn
'G VO,'G Tn
'G VP,'G Tn
'G VQ,'G Tn
'G VR,'G Tn
'G VS,'G Tn
'G VT,'G Tn
'G VU,'G Tn
'G VV,'G Tn
'G VW,'G Tn
'G VX,'G Tn
'G VY,'G Tn
'G VZ,'G Tn
'G V[,'G Tn
'G V],'G Tn
'G V^,'G Tn
'G V_,'G Tn
'G V`,'G Tn
'G Va,'G Tn
'G Vb,'G Tn
'G Vc,'G Tn
'G Vd,'G Tn
'G Ve,'G Tn
'G Vf,'G Tn
'G Vg,'G Tn
'G Vh,'G Tn
'G Vi,'G Tn
'G Vj,'G Tn
'G Vk,'G Tn
'G Vl,'G Tn
'G Vm,'G Tn
'G Vn,'G Tn
'G Vo,'G Tn
'G Vp,'G Tn
'G Vq,'G Tn
'G Vr,'G Tn
'G Vs,'G Tn
'G Vt,'G Tn
'G Vu,'G Tn
'G Vv,'G Tn
'G Vw,'G Tn
'G Vx,'G Tn
'G Vy,'G Tn
'G Vz,'G Tn
'G V{,'G Tn
'G V|,'G Tn
'G V},'G Tn
'G V~,'G Tn
'G W!,'G Tn
'G W#,'G Tn
'G W$,'G Tn
'G W%,'G Tn
'G W&,'G Tn
'G W','G Tn
'G W(,'G Tn
'G W),'G Tn
'G W*,'G Tn
'G W+,'G Tn
'G W-,'G Tn
'G W.,'G Tn
'G W/,'G Tn
'G W0,'G Tn
'G W1,'G Tn
'G W2,'G Tn
'G W3,'G Tn
'G W4,'G Tn
'G W5,'G Tn
'G W6,'G Tn
'G W7,'G Tn
'G W8,'G Tn
'G W9,'G Tn
'G W:,'G Tn
'G W;,'G Tn
'G W<,'G Tn
'G W=,'G Tn
'G W>,'G Tn
'G W?,'G Tn
'G W@,'G Tn
'G WA,'G Tn
'G WB,'G Tn
'G WC,'G Tn
'G WD,'G Tn
'G WE,'G Tn
'G WF,'G Tn
'G WG,'G Tn
'G WH,'G Tn
'G WI,'G Tn
'G WJ,'G Tn
'G WK,'G Tn
'G WL,'G Tn
'G WM,'G Tn
'G WN,'G Tn
'G WO,'G Tn
'G WP,'G Tn
'G WQ,'G Tn
'G WR,'G Tn
'G WS,'G Tn
'G WT,'G Tn
'G WU,'G Tn
'G WV,'G Tn
'G WW,'G Tn
'G WX,'G Tn
'G WY,'G Tn
'G WZ,'G Tn
'G W[,'G Tn
'G W],'G Tn
'G W^,'G Tn
'G W_,'G Tn
'G W`,'G Tn
'G Wa,'G Tn
'G Wb,'G Tn
'G Wc,'G Tn
'G Wd,'G Tn
'G We,'G Tn
'G Wf,'G Tn
'G Wg,'G Tn
'G Wh,'G Tn
'G Wi,'G Tn
'G Wj,'G Tn
'G Wk,'G Tn
'G Wm,'G Wl
'G Wn,'G Wl
'G Wo,'G Wl
'G Wp,'G Wl
'G Wq,'G Wl
'G Wr,'G Wl
'G Ws,'G Wl
'G Wt,'G Wl
'G Wu,'G Wl
'G Wv,'G Wl
'G Ww,'G Wl
'G Wx,'G Wl
'G Wy,'G Wl
'G Wz,'G Wl
'G W{,'G Wl
'G W|,'G Wl
'G W},'G Wl
'G W~,'G Wl
'G X!,'G Wl
'G X#,'G Wl
'G X$,'G Wl
'G X%,'G Wl
'G X&,'G Wl
'G X','G Wl
'G X(,'G Wl
'G X),'G Wl
'G X*,'G Wl
'G X+,'G Wl
'G X-,'G Wl
'G X.,'G Wl
'G X/,'G Wl
'G X0,'G Wl
'G X1,'G Wl
'G X2,'G Wl
'G X3,'G Wl
'G X4,'G Wl
'G X5,'G Wl
'G X6,'G Wl
'G X7,'G Wl
'G X8,'G Wl
'G X9,'G Wl
'G X:,'G Wl
'G X;,'G Wl
'G X<,'G Wl
'G X=,'G Wl
'G X>,'G Wl
'G X?,'G Wl
'G X@,'G Wl
'G XA,'G Wl
'G XB,'G Wl
'G XC,'G Wl
'G XD,'G Wl
'G XE,'G Wl
'G XF,'G Wl
'G XG,'G Wl
'G XH,'G Wl
'G XI,'G Wl
'G XJ,'G Wl
'G XK,'G Wl
'G XL,'G Wl
'G XM,'G Wl
'G XN,'G Wl
'G XO,'G Wl
'G XP,'G Wl
'G XQ,'G Wl
'G XR,'G Wl
'G XS,'G Wl
'G XT,'G Wl
'G XU,'G Wl
'G XV,'G Wl
'G XX,'G XW
'G XY,'G XW
'G XZ,'G XW
'G X[,'G XW
'G X],'G XW
'G X^,'G XW
'G X_,'G XW
'G X`,'G XW
'G Xa,'G XW
'G Xb,'G XW
'G Xc,'G XW
'G Xd,'G XW
'G Xe,'G XW
'G Xf,'G XW
'G Xg,'G XW
'G Xh,'G XW
'G Xi,'G XW
'G Xj,'G XW
'G Xk,'G XW
'G Xl,'G XW
'G Xm,'G XW
'G Xn,'G XW
'G Xo,'G XW
'G Xp,'G XW
'G Xq,'G XW
'G Xr,'G XW
'G Xs,'G XW
'G Xt,'G XW
'G Xu,'G XW
'G Xv,'G XW
'G Xw,'G XW
'G Xx,'G XW
'G Xy,'G XW
'G Xz,'G XW
'G X{,'G XW
'G X|,'G XW
'G X~,'G X}
'G Y!,'G X}
'G Y#,'G X}
'G Y$,'G X}
'G Y%,'G X}
'G Y&,'G X}
'G Y','G X}
'G Y(,'G X}
'G Y),'G X}
'G Y*,'G X}
'G Y+,'G X}
'G Y-,'G X}
'G Y.,'G X}
'G Y/,'G X}
'G Y0,'G X}
'G Y1,'G X}
'G Y2,'G X}
'G Y3,'G X}
'G Y4,'G X}
'G Y5,'G X}
'G Y6,'G X}
'G Y7,'G X}
'G Y8,'G X}
'G Y9,'G X}
'G Y:,'G X}
'G Y;,'G X}
'G Y<,'G X}
'G Y=,'G X}
'G Y>,'G X}
'G Y?,'G X}
'G Y@,'G X}
'G YA,'G X}
'G YB,'G X}
'G YC,'G X}
'G YD,'G X}
'G YE,'G X}
'G YF,'G X}
'G YG,'G X}
'G YI,'G YH
'G YJ,'G YH
'G YK,'G YH
'G YL,'G YH
'G YM,'G YH
'G YN,'G YH
'G YO,'G YH
'G YP,'G YH
'G YQ,'G YH
'G YR,'G YH
'G YS,'G YH
'G YT,'G YH
'G YU,'G YH
'G YV,'G YH
'G YW,'G YH
'G YX,'G YH
'G YY,'G YH
'G YZ,'G YH
'G Y[,'G YH
'G Y],'G YH
'G Y^,'G YH
'G Y_,'G YH
'G Y`,'G YH
'G Ya,'G YH
'G Yb,'G YH
'G Yc,'G YH
'G Yd,'G YH
'G Ye,'G YH
'G Yf,'G YH
'G Yg,'G YH
'G Yh,'G YH
'G Yi,'G YH
'G Yj,'G YH
'G Yk,'G YH
'G Yl,'G YH
'G Ym,'G YH
'G Yn,'G YH
'G Yo,'G YH
'G Yp,'G YH
'G Yq,'G YH
'G Yr,'G YH
'G Ys,'G YH
'G Yt,'G YH
'G Yu,'G YH
'G Yv,'G YH
'G Yw,'G YH
'G Yx,'G YH
'G Yy,'G YH
'G Yz,'G YH
'G Y{,'G YH
'G Y|,'G YH
'G Y},'G YH
'G Y~,'G YH
'G Z!,'G YH
'G Z#,'G YH
'G Z$,'G YH
